event_index	event_relative_time	pre_event_signal
1	11.55	-3.4622
2	22.95	1.2132
3	34.45	-1.8997
4	19.3	0.8288
5	109.3	-1.3933
6	25.3	1.7981
7	36.7	3.3077
8	25.6	1.8221
9	45.55	-2.1114
10	48.0	-3.7679
11	22.15	0.902
12	-16.45	7.7211
13	31.05	1.9508
14	31.95	-1.3676
15	54.5	-0.3759
16	27.95	0.4663
17	60.8	3.1957
18	42.2	-3.0637
19	-1.05	2.7514
20	56.0	5.4327
21	43.25	3.6022
22	36.45	-0.643
23	31.15	-1.7163
24	68.4	-1.7301
25	10.05	2.161
26	30.25	-1.9321
27	62.0	0.6476
28	59.7	2.421
29	12.4	-0.4985
30	58.25	-2.2587
31	41.8	-2.9613
32	0.25	4.1411
33	18.1	2.5145
34	26.1	4.1688
35	-12.7	2.5868
36	20.95	-1.0098
37	16.6	2.2923
38	50.75	2.4166
39	-14.35	6.1102
40	28.55	3.8334
41	81.1	8.1559
42	32.0	4.2863
43	66.65	5.2378
44	60.3	-0.6239
45	71.0	5.6754
46	7.55	2.9079
47	93.3	-2.7509
48	71.15	4.552
49	-17.3	1.5491
50	77.6	-2.2854
51	22.9	-4.0534
52	79.3	1.954
53	76.3	0.9913
54	8.9	-0.3608
55	32.2	2.1202
56	23.4	1.5311
57	28.8	1.3921
58	25.95	-0.1701
59	46.7	0.4633
60	2.05	0.8179
61	11.25	4.1848
62	3.35	0.7609
63	37.85	-0.7216
64	63.75	-0.3154
65	25.9	0.6361
66	22.85	2.5892
67	34.3	1.0382
68	50.35	-0.6029
69	28.5	0.385
70	114.2	0.3698
71	8.2	4.8144
72	15.0	3.8887
73	6.55	2.4557
74	19.95	5.7018
75	55.0	-0.9101
76	61.6	1.2027
77	21.05	1.5202
78	92.95	1.0484
79	-3.3	0.6728
80	68.65	1.1138
81	27.95	1.9741
82	12.9	0.8802
83	-6.85	4.1034
84	39.75	0.5271
85	24.45	0.6179
86	38.9	1.0443
87	31.1	-0.5652
88	3.6	0.9166
89	2.4	1.7276
90	31.15	2.1196
91	8.1	1.9
92	33.2	4.7114
93	46.15	0.9752
94	45.35	4.0088
95	-11.2	0.3694
96	20.6	-3.2464
97	53.4	0.7636
98	16.95	-0.5084
99	101.9	-0.8479
100	21.1	-0.3461
101	39.0	0.6468
102	31.6	-1.7414
103	100.4	-0.6552
104	16.4	3.6811
105	78.05	-1.6998
106	20.0	1.5016
107	10.2	3.8712
108	8.15	1.329
109	31.15	-0.8052
110	88.7	0.1253
111	109.05	-0.4008
112	-15.75	2.1316
113	-5.9	-0.7842
114	27.45	1.0396
115	31.2	-1.0668
116	64.05	-0.8456
117	52.7	-3.7656
118	77.6	-0.1306
119	61.25	0.6924
120	14.2	-3.3165
121	37.95	-4.0332
122	30.9	1.1058
123	38.75	0.3573
124	48.7	1.5735
125	0.15	1.744
126	10.5	-0.4821
127	13.9	1.5103
128	38.05	-0.3628
129	42.5	-1.1962
130	81.3	-1.4402
131	-1.1	-0.2279
132	12.85	2.8006
133	85.95	-1.3557
134	20.3	1.9265
135	42.4	0.4564
136	35.15	-1.7826
137	55.9	4.8735
138	8.45	5.2539
139	67.55	-3.4021
140	44.55	-1.3258
141	27.1	2.8387
142	62.5	-2.1538
143	14.3	-1.5213
144	-9.85	3.0789
145	-0.45	-0.3768
146	53.3	-0.7003
147	34.4	0.8957
148	34.65	-0.8336
149	87.9	-0.3311
150	-8.7	2.4975
151	21.15	-0.2577
152	47.6	2.2646
153	22.7	1.1957
154	48.75	4.3513
155	103.8	-2.4629
156	6.35	1.7114
157	7.65	4.8008
158	24.85	2.3103
159	31.6	-0.6549
160	96.7	-0.2275
161	12.7	5.5284
162	93.7	-0.8394
163	27.95	-1.1083
164	42.25	-3.0207
165	-3.3	-1.3521
166	112.75	-11.7134
167	22.75	-7.3038
168	22.65	0.1931
169	-11.2	-0.0094854
170	31.05	-2.5046
171	50.8	-6.3891
172	39.15	-4.1797
173	64.1	-5.205
174	47.4	2.8577
175	5.1	-1.1193
176	78.1	-1.3333
177	2.35	2.2912
178	95.45	-1.7569
179	26.45	-2.6992
180	2.9	3.6255
181	-14.45	5.6364
182	31.05	0.6541
183	63.65	1.1214
184	-1.2	1.4529
185	33.7	1.4205
186	-13.0	-1.2827
187	45.15	-1.6661
188	26.4	2.575
189	-4.15	1.8203
190	-19.3	9.5715
191	35.2	-0.4948
192	8.6	4.4561
193	26.8	1.9038
194	42.9	0.6985
195	86.4	-2.9009
196	35.1	0.2282
197	105.55	-2.89
198	5.55	4.2566
199	-8.2	3.9524
200	22.1	-3.497
201	56.2	4.6307
202	16.55	0.5332
203	-0.2	-1.5267
204	21.4	-0.2436
205	40.9	0.9287
206	0.95	-0.467
207	68.2	-0.5184
208	37.15	1.1851
209	74.95	-2.1817
210	22.95	0.4845
211	118.1	-0.2615
212	-11.9	2.6907
213	11.15	-0.822
214	82.5	-0.278
215	20.7	0.2636
216	52.85	0.2697
217	24.2	-1.05
218	26.9	-4.1025
219	-14.85	4.0848
220	-8.1	4.1076
221	-9.6	-0.9066
222	42.2	-2.3826
223	-13.2	0.9449
224	31.0	-3.6691
225	40.1	-3.4755
226	-18.25	-1.0842
227	17.2	-1.7335
228	10.4	-2.1043
229	89.55	-1.1213
230	45.55	-0.0371
231	0.45	0.6944
232	53.95	-1.7263
233	49.65	-1.8306
234	6.35	-1.9915
235	56.15	-0.9122
236	100.85	-1.6066
237	-3.15	1.5889
238	-14.95	2.9989
239	10.05	1.6128
240	81.4	0.0507
241	27.1	0.5635
242	70.05	0.3991
243	5.1	1.3748
244	29.4	-0.4985
245	42.65	-0.9183
246	16.3	5.6021
247	3.65	-0.2526
248	36.25	1.0579
249	30.2	0.0741
250	34.1	-1.1819
251	52.9	-2.5105
252	22.9	-1.147
253	41.3	-0.6278
254	47.55	-2.297
255	30.1	-1.4693
256	5.15	0.7416
257	14.15	-0.0124
258	3.3	-0.5044
259	82.15	-0.0202
260	31.0	1.7268
261	92.5	-1.7577
262	30.6	1.2583
263	32.85	0.9951
264	59.05	0.8002
265	38.6	0.3348
266	9.5	-0.0123
267	28.6	1.7886
268	19.55	-0.893
269	33.5	-1.1109
270	23.35	-1.9802
271	38.75	5.1547
272	-5.95	2.0013
273	36.9	0.197
274	79.45	1.03
275	30.4	2.9274
276	41.4	-0.8061
277	23.85	-0.8904
278	-14.95	7.3266
279	95.15	-0.7356
280	29.7	0.0155
281	45.2	0.4642
282	-7.35	7.2975
283	81.65	-0.3959
284	46.55	0.0853
285	-3.15	0.9436
286	-5.6	4.0093
287	7.0	-2.8368
288	25.2	-4.2247
289	60.3	0.1386
290	116.75	-2.7518
291	62.55	-0.3192
292	-18.8	9.7077
293	14.45	0.4502
294	43.3	-0.7349
295	21.4	2.1187
296	78.15	-0.6416
297	10.45	-1.4978
298	14.0	-1.029
299	64.0	3.6923
300	8.7	7.6147
301	32.15	0.2682
302	-14.05	3.7147
303	35.8	-0.0621
304	25.2	-1.5304
305	11.8	-0.2692
306	18.7	0.0229
307	14.55	1.3565
308	21.95	3.3151
309	27.6	0.6969
310	-5.45	-1.1689
311	-9.9	-0.241
312	33.95	-0.2579
313	34.5	-0.2618
314	16.25	-0.3839
315	21.8	1.0135
316	3.8	2.0875
317	24.25	1.7737
318	26.45	-0.25
319	5.65	2.2702
320	26.5	-0.4537
321	-3.65	0.1997
322	26.35	0.7126
323	20.2	-0.0398
324	43.15	-0.4562
325	38.7	-2.6692
326	35.65	-7.6664
327	40.25	-4.919
328	26.65	-0.5078
329	35.15	-1.2327
330	27.75	-0.3233
331	5.45	4.6345
332	43.6	-1.2314
333	18.05	-0.0876
334	52.65	-1.3471
335	16.5	-1.3671
336	14.8	-1.0972
337	29.35	1.494
338	25.75	-0.239
339	37.75	0.8094
340	-16.25	4.4792
341	68.1	-2.4627
342	24.55	-2.7674
343	66.7	3.3628
344	37.65	1.538
345	27.95	2.8532
346	25.95	-0.8842
347	27.05	1.7899
348	50.4	-1.0461
349	29.8	-1.0166
350	26.05	-1.9898
351	22.85	1.664
352	84.8	-1.3622
353	49.5	0.5092
354	78.1	-0.8333
355	87.75	-1.0265
356	-11.05	7.524
357	-2.25	5.1021
358	77.15	-0.488
359	56.6	0.0196
360	65.15	1.2933
361	59.45	0.967
362	47.05	7.3783
363	25.55	3.0363
364	34.25	1.4439
365	68.85	0.7518
366	-7.0	3.5905
367	53.7	-3.2013
368	51.7	0.1458
369	63.25	-1.8224
370	29.1	-1.3664
371	35.4	-0.2071
372	31.15	-1.1952
373	43.35	2.2742
374	35.4	5.0123
375	15.6	-2.8512
376	58.75	-0.8836
377	31.6	-1.7836
378	65.55	1.2749
379	42.7	0.0677
380	40.45	-1.679
381	54.0	1.3838
382	2.55	0.7465
383	21.95	2.4836
384	31.25	-0.3148
385	24.35	-0.7844
386	16.4	-1.9203
387	25.45	9.7348
388	43.75	0.6319
389	70.65	0.281
390	42.55	-2.2133
391	46.45	0.4824
392	41.3	2.1106
393	43.95	-0.7333
394	-8.9	2.8137
395	46.7	-1.6938
396	37.95	0.6468
397	35.9	-5.0251
398	37.45	2.3946
399	54.25	0.3824
400	45.1	1.1653
401	40.1	0.6143
402	15.45	0.7937
403	53.15	-0.0014867
404	84.8	1.7679
405	38.95	-0.8999
406	16.55	1.4029
407	17.95	1.4752
408	-13.85	2.6115
409	31.7	0.3462
410	23.9	0.0213
411	18.55	-3.3626
412	16.05	2.0829
413	-1.7	2.2501
414	80.6	2.1566
415	13.75	7.3069
416	50.4	2.8248
417	37.05	3.6295
418	42.6	0.2268
419	20.25	10.9554
420	15.2	4.0431
421	27.3	-0.4164
422	105.15	-1.1731
423	65.75	-1.7267
424	14.55	1.1325
425	28.8	-1.7512
426	73.8	0.9143
427	24.7	1.3009
428	39.65	1.0449
429	9.35	-0.4505
430	11.15	-6.4639
431	39.75	-1.465
432	27.05	-0.3244
433	99.75	0.5824
434	9.75	5.4335
435	37.6	-0.2158
436	44.65	0.2903
437	45.1	-0.3122
438	43.0	-1.8651
439	62.25	-0.0312
440	38.35	-2.6548
441	25.05	2.2054
442	57.15	-1.5148
443	-12.5	-1.4296
444	39.65	1.3149
445	46.95	0.6161
446	1.2	0.1476
447	51.6	-1.6358
448	-17.8	4.6371
449	14.1	-0.6352
450	1.45	1.0045
451	48.05	-0.9576
452	75.7	-0.1706
453	70.55	0.7996
454	62.0	0.4848
455	42.35	-1.9889
456	25.55	-0.7463
457	37.7	-0.8736
458	32.1	-2.1292
459	30.45	-0.3926
460	50.25	-0.8489
461	40.95	-1.2309
462	26.0	-4.9311
463	30.3	-1.9502
464	-18.5	6.6222
465	25.95	0.5595
466	64.7	1.1661
467	65.5	-0.8696
468	1.6	3.2198
469	26.4	2.4444
470	35.0	3.7108
471	64.0	-2.9355
472	66.15	-0.7536
473	37.9	-1.9171
474	-17.35	0.149
475	45.35	-0.3011
476	28.1	0.5741
477	80.5	0.7806
478	22.6	0.2711
479	19.95	-3.6117
480	45.3	-2.6633
481	13.95	1.4285
482	23.65	0.2752
483	3.25	-1.6379
484	45.45	4.1965
485	35.4	1.9454
486	57.6	0.119
487	35.45	1.1127
488	11.05	-0.7872
489	23.45	-0.7844
490	30.75	1.0519
491	31.95	1.9287
492	26.9	3.5485
493	56.75	0.5905
494	10.6	1.2151
495	113.2	0.7177
496	39.2	1.687
497	19.8	-0.236
498	27.75	-0.6712
499	21.8	2.3685
500	78.55	-0.736
501	30.7	-0.7804
502	33.4	1.1074
503	3.8	1.6789
504	1.95	4.1236
505	28.75	2.5523
506	81.05	0.8587
507	-6.4	2.1909
508	14.85	-0.3611
509	15.3	-0.0173
510	11.35	1.5278
511	35.95	1.0403
512	44.15	0.3966
513	53.05	-1.2489
514	23.8	0.1527
515	53.0	-0.5915
516	16.25	-1.7004
517	50.1	-0.8203
518	-17.05	-0.1155
519	30.35	-0.0854
520	27.85	-1.321
521	11.2	-1.5812
522	5.65	-0.4628
523	8.95	-0.5306
524	23.3	-2.0156
525	32.85	-0.7767
526	26.7	-0.6268
527	24.6	-1.5006
528	24.35	3.538
529	14.6	6.0803
530	22.4	1.2608
531	7.95	1.0556
532	10.55	-1.9045
533	50.55	-0.6469
534	53.75	-0.6453
535	3.65	-0.8009
536	0.0	0.7331
537	15.6	-1.7838
538	-18.45	0.1329
539	17.85	-0.576
540	1.85	0.424
541	-12.6	4.4903
542	10.8	-1.8763
543	22.15	-0.1905
544	35.25	3.7818
545	-12.55	2.0235
546	43.3	-1.1387
547	3.4	3.7441
548	-14.8	4.3244
549	-13.35	2.995
550	12.15	3.3821
551	50.25	-0.6
552	51.5	-1.9624
553	88.7	-2.8262
554	27.3	0.9788
555	30.3	0.464
556	14.35	-0.0691
