observation_index	numeric_feature_1	numeric_feature_2	numeric_feature_3	numeric_feature_4	numeric_feature_5	numeric_feature_6	numeric_feature_7
0	1	0	0	0	0	0.1890756056225383	0.00632184822114726
1	2	0	0	3	3	0.5664872222948484	0.4466148625317987
2	3	0	0	4	4	0.3914443575025714	0.7994880271621501
3	4	0	0	5	5	1.1771516386118819	-0.6087893063046023
4	5	0	0	6	6	0.4124385350866482	-0.05161786183046337
5	6	0	0	7	7	0.10350236431106617	0.40525216410077625
6	7	0	0	8	8	0.7101398303902818	-0.1443737779794458
7	8	0	0	9	9	0.40320062065395923	-0.04264411489607331
8	9	0	0	10	10	0.22930663513595093	-0.21214889967033632
9	10	0	0	1	1	0.5564462312209819	-0.4338250686435678
10	11	0	0	2	2	0.11768552920756231	0.02185008454971714
11	12	0	5	0	55	0.14084702715456002	0.07137807949578077
12	13	0	5	3	58	0.8159738636978682	0.48056182952425125
13	14	0	5	4	59	0.3160256630564789	0.8075040744635714
14	15	0	5	5	60	1.0085433699157276	-0.5943973304823191
15	16	0	5	6	61	0.41161393384002243	-0.036054569646651075
16	17	0	5	7	62	0.08736933760491254	0.3475008581739894
17	18	0	5	8	63	0.23682118393657822	-0.1779688576154932
18	19	0	5	9	64	0.3261130004773286	-0.05239937784769893
19	20	0	5	10	65	0.40287018381069484	-0.22985019632921957
20	21	0	5	1	56	0.37094097662226144	-0.41823380007185634
21	22	0	5	2	57	0.0656702777902284	0.0373722175593218
22	23	0	6	0	66	0.17506180028612922	0.04099543239035678
23	24	0	6	3	69	0.814801909921787	0.45338266061688437
24	25	0	6	4	70	0.33302894166911334	0.7438849417297371
25	26	0	6	5	71	0.8416287539360625	-0.5872819269975584
26	27	0	6	6	72	0.4842778307263476	-0.0293388292852118
27	28	0	6	7	73	0.09866417175276379	0.47153899327666254
28	29	0	6	8	74	0.45812604765740467	-0.15166778714098622
29	30	0	6	9	75	0.28011113497779944	-0.06673136865516804
30	31	0	6	10	76	0.5395052810823048	-0.19281568840585117
31	32	0	6	1	67	0.45254884694615666	-0.40176016378857826
32	33	0	6	2	68	0.16203280662084213	0.0025495021685159216
33	34	0	7	0	77	0.18051819968721522	0.059130040064658766
34	35	0	7	3	80	0.6688279151766736	0.4475549362900105
35	36	0	7	4	81	0.2502612699987793	0.7788614340386688
36	37	0	7	5	82	1.1283697663699241	-0.5437167995060385
37	38	0	7	6	83	0.28963859690648136	-0.03725226939774718
38	39	0	7	7	84	0.07653650011017768	0.371242447642996
39	40	0	7	8	85	0.4487775485984247	-0.12457908707718848
40	41	0	7	9	86	0.25560933843268874	-0.06670839648761745
41	42	0	7	10	87	0.5564278981989113	-0.1425558008363275
42	43	0	7	1	78	0.6287890774369742	-0.47716427150930973
43	44	0	7	2	79	0.14856344358649035	0.004758865810182809
44	45	0	8	0	88	0.15779567112821008	0.06426804999633921
45	46	0	8	3	91	0.7365352479592344	0.4425298780408543
46	47	0	8	4	92	0.24300919512781924	0.729188233775695
47	48	0	8	5	93	0.7023951937632	-0.5902874800472707
48	49	0	8	6	94	0.42600004264956265	-0.03319545566192391
49	50	0	8	7	95	0.0715297992077049	0.39204572076816835
50	51	0	8	8	96	0.330729277613992	-0.16372188663737802
51	52	0	8	9	97	0.20457224217438055	-0.07832179634594073
52	53	0	8	10	98	0.43975803884821857	-0.16436109909802865
53	54	0	8	1	89	0.38950605158704804	-0.3969379773602001
54	55	0	8	2	90	0.0652249274434488	0.0172016645813269
55	56	0	9	0	99	0.18805117001046354	0.03176485729346718
56	57	0	9	3	102	0.8177456770439616	0.4269435285518795
57	58	0	9	4	103	0.23931385875997072	0.7260038174356449
58	59	0	9	5	104	1.1971284819028973	-0.592188756845002
59	60	0	9	6	105	0.3911332651088305	-0.026866824137056555
60	61	0	9	7	106	0.07837593911861611	0.36551153773178496
61	62	0	9	8	107	0.4661913220957195	-0.14021040061865764
62	63	0	9	9	108	0.2674141713766912	-0.06245407289078167
63	64	0	9	10	109	0.5104113801211785	-0.15604317227687167
64	65	0	9	1	100	0.45654701113949847	-0.4058731544697289
65	66	0	9	2	101	0.08541875936842028	0.024083361271065227
66	67	0	10	0	110	0.05046224651464936	0.05086287718573523
67	68	0	10	3	113	0.23378902583599326	0.47315713906204804
68	69	0	10	4	114	0.08025575995735507	0.6743539704073628
69	70	0	10	5	115	0.19867355936828604	-0.6373887008695807
70	71	0	10	6	116	0.08500198641826352	-0.011140999074255519
71	72	0	10	7	117	0.06143317617660198	0.37787771936086895
72	73	0	10	8	118	0.12817950165450606	-0.07437545664060834
73	74	0	10	9	119	0.05354263610969181	-0.07188295854443974
74	75	0	10	10	120	0.07826834688547414	-0.11307906155618397
75	76	0	10	1	111	0.6955621841174376	-0.5827362574806925
76	77	0	10	2	112	0.13541910822203207	-0.21532178984624736
77	78	0	11	0	121	0.05791282929739703	0.0224560121130711
78	79	0	11	3	124	0.28017930262827917	0.4587762336781066
79	80	0	11	4	125	0.12212437550828943	0.6585592722963876
80	81	0	11	5	126	0.4008928111864591	-0.5974779503015225
81	82	0	11	6	127	0.16069186712568742	-0.02277533595057524
82	83	0	11	7	128	0.0848748212141592	0.35078321999167966
83	84	0	11	8	129	0.37968001470362445	-0.11585153860693403
84	85	0	11	9	130	0.15533430521002922	-0.05258805672984097
85	86	0	11	10	131	0.298540034063297	-0.10831117517740964
86	87	0	11	1	122	0.7923679542043993	-0.5747388198601547
87	88	0	11	2	123	0.06406536640652886	0.0068244802465106625
88	89	0	12	0	132	0.06879350549488329	0.005555287788219596
89	90	0	12	3	135	0.4274644012698117	0.459220313025037
90	91	0	12	4	136	0.2884565784090473	0.7670910818811584
91	92	0	12	5	137	0.665864082432531	-0.5590573356720749
92	93	0	12	6	138	0.13849135188515563	-0.026443529621054142
93	94	0	12	7	139	0.10742391276355354	0.34760822036032046
94	95	0	12	8	140	0.3137986741200409	-0.14687199764390552
95	96	0	12	9	141	0.16256563440840305	-0.05735735096472972
96	97	0	12	10	142	0.20233073039586286	-0.19010690089758578
97	98	0	12	1	133	0.5397128321013013	-0.5985358273533118
98	99	0	12	2	134	0.16531898762564995	0.008384187850884158
99	100	0	1	0	11	0.06307748031854787	0.016186848073426404
100	101	0	1	3	14	0.1442434048543032	0.5345286387884474
101	102	0	1	4	15	0.07653460835329508	0.6078906373251834
102	103	0	1	5	16	0.11338200372687003	-0.5400810639549273
103	104	0	1	6	17	0.0818780340263459	-0.04089004043223998
104	105	0	1	7	18	0.05104315516063583	0.38841793805100805
105	106	0	1	8	19	0.11904122883177569	-0.04028721553245786
106	107	0	1	9	20	0.04301779777844168	-0.019086833260767756
107	108	0	1	10	21	0.09948435905810595	-0.09777372379528831
108	109	0	1	1	12	0.20333092776192496	-0.6468616371036494
109	110	0	1	2	13	0.07884980427320709	0.012521399213916899
110	111	0	2	0	22	0.044927722815028416	0.016742897661432134
111	112	0	2	3	25	0.1707251254092544	0.5108035450288464
112	113	0	2	4	26	0.12054425373883595	0.8035999819892312
113	114	0	2	5	27	0.30067846227069916	-0.6427692259632699
114	115	0	2	6	28	0.13582753863935987	-0.029445615977094358
115	116	0	2	7	29	0.07483990966969181	0.5204927877069155
116	117	0	2	8	30	0.20411927868790145	-0.12312003253235831
117	118	0	2	9	31	0.09367863669434992	-0.1230036119688549
118	119	0	2	10	32	0.1027562661884295	-0.22295647242524239
119	120	0	2	1	23	0.361080408443878	-0.6756110392212246
120	121	0	2	2	24	0.07784169084399883	-0.07128388142076829
121	122	0	3	0	33	0.04424633559079849	0.0047234596545269155
122	123	0	3	3	36	0.26722570839700727	0.49540174448408636
123	124	0	3	4	37	0.12190205049132138	0.8450593762332617
124	125	0	3	5	38	0.602313527561571	-0.6210345887658731
125	126	0	3	6	39	0.14509323532907792	-0.10327480661455421
126	127	0	3	7	40	0.057185641382708305	0.4756998988031889
127	128	0	3	8	41	0.2019298590331767	-0.12270275737983452
128	129	0	3	9	42	0.08069359036439742	-0.10126902382524909
129	130	0	3	10	43	0.14785879867524382	-0.2212905516118632
130	131	0	3	1	34	0.31422813677611655	-0.6632660007409508
131	132	0	3	2	35	0.09423274617947924	-0.026640751228417896
132	133	0	4	0	44	0.02263162129583767	-0.0027780616782200557
133	134	0	4	3	47	0.050262374196477014	0.4762232222150573
134	135	0	4	4	48	0.04958927430805771	0.7281607869001374
135	136	0	4	5	49	0.14101389907380882	-0.6338648332994915
136	137	0	4	6	50	0.060865683577012795	-0.03379758149755031
137	138	0	4	7	51	0.05601060044910188	0.4404998677722678
138	139	0	4	8	52	0.07277587825444275	-0.08829753693116285
139	140	0	4	9	53	0.03613748273136594	-0.07156486971190734
140	141	0	4	10	54	0.04381556125258481	-0.15805014150731642
141	142	0	4	1	45	0.14106509594325997	-0.6742610916719308
142	143	0	4	2	46	0.043342035169224545	-0.019394725157869462
143	144	2	0	0	286	0.10376346218014063	0.022387564847164903
144	145	2	0	3	289	0.7544816874656664	0.5500407872618134
145	146	2	0	4	290	0.6023558834554302	0.874261039375302
146	147	2	0	5	291	1.923641746484468	-0.6276311926116063
147	148	2	0	6	292	0.7313765651439937	-0.05129009449877157
148	149	2	0	7	293	0.12352353799646733	0.6087852903160081
149	150	2	0	8	294	0.6527078491725629	-0.018374156844567963
150	151	2	0	9	295	0.25108514540488414	-0.14513944935468628
151	152	2	0	10	296	0.4358966018385568	-0.12786477911198144
152	153	2	0	1	287	0.6686681766976823	-0.37283701170643063
153	154	2	0	2	288	0.059395022733096096	0.038904096173150896
154	155	2	5	0	341	0.09581004943482122	0.048420158399939225
155	156	2	5	3	344	0.640708844599273	0.5316626385529207
156	157	2	5	4	345	0.3147290678220994	0.9044897794991795
157	158	2	5	5	346	1.2454544586722935	-0.6510712980453393
158	159	2	5	6	347	0.4306222348331717	-0.039486490010284044
159	160	2	5	7	348	0.1075393738645595	0.6530021217336608
160	161	2	5	8	349	0.27607165648357573	-0.18710751987236174
161	162	2	5	9	350	0.24436805291555624	-0.08401098469583439
162	163	2	5	10	351	0.31774038813515393	-0.29733527382827357
163	164	2	5	1	342	0.3186896360160115	-0.4441840710375256
164	165	2	5	2	343	0.14076657399189552	0.010460963726324707
165	166	2	6	0	352	0.07100562616281346	0.06345079404484193
166	167	2	6	3	355	0.2959809818052819	0.5846515033789518
167	168	2	6	4	356	0.22605646934864654	0.8739705033406431
168	169	2	6	5	357	0.9326278330539206	-0.7458490549467562
169	170	2	6	6	358	0.4188873274601679	-0.07547412016955155
170	171	2	6	7	359	0.11721456905949826	0.6391650944735869
171	172	2	6	8	360	0.4145060185003187	-0.24504700492596973
172	173	2	6	9	361	0.21710608787119717	-0.13609625750459364
173	174	2	6	10	362	0.3894487329412533	-0.36329579209329993
174	175	2	6	1	353	0.30368624794746873	-0.518757762726932
175	176	2	6	2	354	0.055076085016071814	-0.055021560883574044
176	177	2	7	0	363	0.3596029837986553	-0.010745086318602264
177	178	2	7	3	366	1.7624483346563742	0.4581240912031544
178	179	2	7	4	367	0.5171350888748629	0.5875078685532827
179	180	2	7	5	368	3.675809106854422	-0.6612922358637738
180	181	2	7	6	369	1.862956563567108	-0.06525474738116335
181	182	2	7	7	370	0.20662918863479846	0.1416139408511052
182	183	2	7	8	371	1.9741289574397598	-0.1838441853679103
183	184	2	7	9	372	0.6500940507816639	-0.09231170558980828
184	185	2	7	10	373	1.731842335366761	-0.2920604709648537
185	186	2	7	1	364	1.0649109202362872	-0.49263316125908607
186	187	2	7	2	365	0.4300726972311761	-0.05978569510058147
187	188	2	8	0	374	0.7607693888187832	-0.007649348014958341
188	189	2	8	3	377	3.6545628509894166	0.4172687231088128
189	190	2	8	4	378	0.6820478695298391	0.49309768953659
190	191	2	8	5	379	3.7345337676265724	-0.6060419698711195
191	192	2	8	6	380	2.4070411779609775	-0.057841876932073585
192	193	2	8	7	381	0.2384006460569281	0.05481474472499991
193	194	2	8	8	382	2.3533291978099444	-0.16266167322571973
194	195	2	8	9	383	1.0049134761708771	-0.0856685245692666
195	196	2	8	10	384	1.96162304074601	-0.3138444062602459
196	197	2	8	1	375	0.8302755307591216	-0.3636944321342139
197	198	2	8	2	376	0.375446248822684	-0.0505031190985976
198	199	2	9	0	385	0.7583479417838684	0.008578435576160927
199	200	2	9	3	388	3.1577942005365123	0.4033230429231371
200	201	2	9	4	389	0.8549765310025556	0.5037983107006166
201	202	2	9	5	390	4.559288676654742	-0.5827618290877191
202	203	2	9	6	391	2.914656356215953	-0.08579527183354684
203	204	2	9	7	392	0.26545313796362924	0.030535798071480394
204	205	2	9	8	393	3.098084521749696	-0.17119276891842714
205	206	2	9	9	394	1.1811809955739836	-0.0830346927393502
206	207	2	9	10	395	1.9225447446060173	-0.27079517879005977
207	208	2	9	1	386	1.2188872886451103	-0.3733118570644163
208	209	2	9	2	387	0.3981555922252521	-0.05590645891653686
209	210	2	10	0	396	0.1146034380938903	-0.01753949112376877
210	211	2	10	3	399	1.2344586847391823	0.47069126243973247
211	212	2	10	4	400	0.41413804698383055	0.46195323752043477
212	213	2	10	5	401	0.8392263070782503	-0.5563945491749951
213	214	2	10	6	402	0.3643651986848093	-0.09404227818109388
214	215	2	10	7	403	0.15121227586815592	0.10721236621527541
215	216	2	10	8	404	0.4787762291061707	-0.13492030950012093
216	217	2	10	9	405	0.16410117856548184	-0.10637919999410134
217	218	2	10	10	406	0.34965365744201543	-0.307146787460599
218	219	2	10	1	397	1.358826318629984	-0.6835299031473091
219	220	2	10	2	398	0.052749013048062295	-0.15880071527651982
220	221	2	11	0	407	0.24729961637433795	-0.015026099845238176
221	222	2	11	3	410	2.0971233910199234	0.4417430700615367
222	223	2	11	4	411	0.24974577579938304	0.5383331386354316
223	224	2	11	5	412	1.0287560305301113	-0.5631594157249282
224	225	2	11	6	413	0.7888664689008883	-0.07770836331985462
225	226	2	11	7	414	0.18332479175720223	0.1478373211474497
226	227	2	11	8	415	0.4426624550130223	-0.1807716796593374
227	228	2	11	9	416	0.22145532081180094	-0.11820414873562336
228	229	2	11	10	417	0.5417224842137963	-0.31973094709219374
229	230	2	11	1	408	0.5397608488345866	-0.5878912515344986
230	231	2	11	2	409	0.1290930784197906	-0.05690319846565389
231	232	2	12	0	418	0.19780857686117698	-0.009507429023969529
232	233	2	12	3	421	1.7958701675864455	0.525252503816914
233	234	2	12	4	422	0.3372090837815456	0.5272011712289066
234	235	2	12	5	423	1.0162724716542724	-0.4827201895823365
235	236	2	12	6	424	0.8355807521990917	-0.08563503361431174
236	237	2	12	7	425	0.273065098831187	0.21940994293103597
237	238	2	12	8	426	1.153016589583385	-0.17879513313865372
238	239	2	12	9	427	0.3844012237655802	-0.06897749690231042
239	240	2	12	10	428	0.599017330462719	-0.2735376690890058
240	241	2	12	1	419	1.2054358150607938	-0.5832198148823647
241	242	2	12	2	420	0.19191465369072783	-0.08378031111567194
242	243	2	1	0	297	0.09101543118726119	0.023260814657342515
243	244	2	1	3	300	0.7019257354305296	0.5368648086474772
244	245	2	1	4	301	0.09174446247308674	0.4811100224333832
245	246	2	1	5	302	0.19770349497094977	-0.5978404006992124
246	247	2	1	6	303	0.21477420360989638	-0.1164327948536045
247	248	2	1	7	304	0.13724457080487198	0.28358439494232457
248	249	2	1	8	305	0.24615839507261322	-0.08275011341067795
249	250	2	1	9	306	0.09575780768865963	-0.07438379503059117
250	251	2	1	10	307	0.27596471951334633	-0.20455267004168115
251	252	2	1	1	298	0.310691997027755	-0.6076398020891071
252	253	2	1	2	299	0.02571206941557537	-0.13693346625184982
253	254	2	2	0	308	0.060280964879489446	0.06806432657926124
254	255	2	2	3	311	0.778448359115267	0.571345210074557
255	256	2	2	4	312	0.0875371131098201	0.6094789224842461
256	257	2	2	5	313	0.33443225929089904	-0.7807014277274745
257	258	2	2	6	314	0.3043428906219701	-0.07964139387036644
258	259	2	2	7	315	0.13802707465842143	0.34937436394124183
259	260	2	2	8	316	0.5442532851850593	-0.15111649691823595
260	261	2	2	9	317	0.11148612036519301	-0.1305607329417404
261	262	2	2	10	318	0.3310156994562608	-0.30106994814907195
262	263	2	2	1	309	1.0023726908794022	-0.713066838858531
263	264	2	2	2	310	0.054556117165758825	-0.15805281712843905
264	265	2	3	0	319	0.1419740265379857	-0.015451834607667213
265	266	2	3	3	322	0.47588591016023507	0.5807252122222579
266	267	2	3	4	323	0.19589337860632688	0.6259614166314337
267	268	2	3	5	324	0.7273195568992054	-0.7151006701703436
268	269	2	3	6	325	0.23948550782797148	-0.09861809104774814
269	270	2	3	7	326	0.08473656365822196	0.2791461055106918
270	271	2	3	8	327	0.3349551932427071	-0.2068911518365297
271	272	2	3	9	328	0.005946300596909986	-0.04381032845112105
272	273	2	3	10	329	0.47672391861526614	-0.2393045944095527
273	274	2	3	1	320	0.45046343783873055	-0.6692909179957375
274	275	2	3	2	321	0.08515713616663356	-0.03058145030866319
275	276	2	4	0	330	0.06584593582620567	-0.002386191520697219
276	277	2	4	3	333	0.28048865092115594	0.558488690660796
277	278	2	4	4	334	0.09531408037116587	0.5504853377385203
278	279	2	4	5	335	0.37966999417470887	-0.6625470479521177
279	280	2	4	6	336	0.08880550326133835	-0.07378270792466654
280	281	2	4	7	337	0.08390706933186712	0.3076524739654067
281	282	2	4	8	338	0.18376702555754673	-0.13810512648918974
282	283	2	4	9	339	0.011245167434572595	-0.03766696969826304
283	284	2	4	10	340	0.21284975732639586	-0.2611096416140898
284	285	2	4	1	331	0.22960983436691138	-0.6551568957593898
285	286	2	4	2	332	0.0687747963616784	-0.030041948309743733
286	287	3	0	0	429	0.24002716006027414	0.037958474081947115
287	288	3	0	3	432	1.0697534029815727	0.429567562829811
288	289	3	0	4	433	0.41827763895046294	0.6088031648228781
289	290	3	0	5	434	1.8524359531134182	-0.43381673263195303
290	291	3	0	6	435	0.784152980171055	0.0495724101336521
291	292	3	0	7	436	0.13506286052970856	0.2939732280590164
292	293	3	0	8	437	0.9638142351030128	-0.009568278594468538
293	294	3	0	9	438	0.056597101226414225	0.0370765247819256
294	295	3	0	10	439	1.411887755249472	-0.22629845144507563
295	296	3	0	1	430	0.3441443773186346	-0.29646001261122895
296	297	3	0	2	431	0.14949057580482594	0.10069869943431069
297	298	3	5	0	484	0.16562421183800713	-0.054464484208706865
298	299	3	5	3	487	1.1065799350589545	0.31415188148363604
299	300	3	5	4	488	0.5289858140888843	0.36290734975854727
300	301	3	5	5	489	2.450073223706488	-0.5882180440877047
301	302	3	5	6	490	1.0453068126892298	-0.12340749833227446
302	303	3	5	7	491	0.12748865202232068	0.1354767372272837
303	304	3	5	8	492	0.8464809283262735	-0.202622823193018
304	305	3	5	9	493	0.053489476368173076	-0.35959693466811415
305	306	3	5	10	494	1.0777147383681616	-0.393927415879487
306	307	3	5	1	485	0.3812192167735809	-0.21049940452430016
307	308	3	5	2	486	0.19420782287169536	-0.15542186410289432
308	309	3	6	0	495	0.3043523899454959	-0.1985230208328661
309	310	3	6	3	498	1.1859934107741263	0.3612831377609595
310	311	3	6	4	499	0.6350988780695926	0.5219599912204358
311	312	3	6	5	500	2.505141031905127	-0.3249319943333384
312	313	3	6	6	501	0.9475488923881694	0.05994454687366325
313	314	3	6	7	502	0.16553040970788596	0.20825725694259228
314	315	3	6	8	503	1.3129309913122864	0.08110175639910153
315	316	3	6	9	504	0.10288047735490298	-0.3363510158517833
316	317	3	6	10	505	1.2370652562489561	-0.23706707992940565
317	318	3	6	1	496	0.323335820040912	-0.34234104051789843
318	319	3	6	2	497	0.1730412378375664	-0.10363220986948428
319	320	3	7	0	506	0.20529522439053927	0.09883410825743107
320	321	3	7	3	509	1.197297573740225	0.3835940113876657
321	322	3	7	4	510	0.5189630220368913	0.5164997610469491
322	323	3	7	5	511	2.0184240779201787	-0.3951997338392974
323	324	3	7	6	512	0.7255276621509769	0.043935651154311736
324	325	3	7	7	513	0.15980680884955697	0.29889021260413534
325	326	3	7	8	514	1.268173309553333	-0.003808525269416727
326	327	3	7	9	515	0.095423347602488	-0.1802183348887007
327	328	3	7	10	516	1.1189261642466186	-0.1512406651244722
328	329	3	7	1	507	0.46289422277439296	-0.296994611632044
329	330	3	7	2	508	0.0492222083089392	0.12488485673481611
330	331	3	8	0	517	0.28311593319048256	0.07793046943329611
331	332	3	8	3	520	1.4919366104466498	0.3630905682735496
332	333	3	8	4	521	0.8328062539287974	0.35670266174296034
333	334	3	8	5	522	1.9665705328649659	-0.37652591518350337
334	335	3	8	6	523	0.7244429922221464	-0.007653520212288423
335	336	3	8	7	524	0.10546210333552519	0.27094976098689866
336	337	3	8	8	525	1.1558400122920733	-0.0044074802255425986
337	338	3	8	9	526	0.06454742399823482	-0.17171921941362076
338	339	3	8	10	527	1.1515902489498036	-0.37603201484078097
339	340	3	8	1	518	0.3396228979365007	-0.2894606795106348
340	341	3	8	2	519	0.1091088852929746	0.0763921095980733
341	342	3	9	0	528	0.2460777695566849	0.0552539575375342
342	343	3	9	3	531	1.4026225888475492	0.3764300003289934
343	344	3	9	4	532	0.7766391289865442	0.3877710630349643
344	345	3	9	5	533	0.7366923455643756	-0.3392306733246055
345	346	3	9	6	534	0.6226344900058087	0.04272115144069985
346	347	3	9	7	535	0.06338691423989676	0.16528404124050006
347	348	3	9	8	536	0.9402510634366638	-0.02835162995511031
348	349	3	9	9	537	0.00970213894520318	-0.12116608142321732
349	350	3	9	10	538	0.3464536013843655	-0.17747980172541056
350	351	3	9	1	529	0.37382906027682944	-0.13442246328314864
351	352	3	9	2	530	0.023522266282236172	0.048956019564518304
352	353	3	10	0	539	0.019173602348260467	-0.09260165211038514
353	354	3	10	3	542	0.37805754446534423	0.4501916105350661
354	355	3	10	4	543	0.07866536481992951	0.12950777577551748
355	356	3	10	5	544	0.35711045555405296	-0.3247744789162055
356	357	3	10	6	545	0.11800425600592149	-0.01636754474462416
357	358	3	10	7	546	0.0580243182496924	-0.0010684715646424442
358	359	3	10	8	547	0.4460085561504856	0.0367440637104953
359	360	3	10	9	548	0.11901692792219147	-0.12582887476441543
360	361	3	10	10	549	0.18988741315175361	-0.08750651272167594
361	362	3	10	1	540	0.5653442880298424	-0.28478367426468293
362	363	3	10	2	541	0.03383381014351768	-0.2747501827390609
363	364	3	11	0	550	0.10348394341885091	0.08711128983190061
364	365	3	11	3	553	1.0502340132469934	0.4062778424779698
365	366	3	11	4	554	0.4057519016124132	0.3537902397639038
366	367	3	11	5	555	0.7654247857771815	0.05882700890438869
367	368	3	11	6	556	0.3631689494407732	-0.029184266703376593
368	369	3	11	7	557	0.13180971275841857	0.13912793042910124
369	370	3	11	8	558	0.5018963733281124	0.04516252106851209
370	371	3	11	9	559	0.16605296769496733	0.014145875521002197
371	372	3	11	10	560	0.38948136499775754	-0.10038160518240284
372	373	3	11	1	551	0.33030475555199845	-0.40764752636675017
373	374	3	11	2	552	0.0389593473042235	0.08370034368106366
374	375	3	12	0	561	0.09350709711856295	0.08604824737302884
375	376	3	12	3	564	0.9235206899552345	0.31252562537845924
376	377	3	12	4	565	0.11000886641200426	0.3510430298532501
377	378	3	12	5	566	0.39288838915112617	-0.15360755861494227
378	379	3	12	6	567	0.6260519324577208	0.12826982822905436
379	380	3	12	7	568	0.13304241533295857	0.2082169132971891
380	381	3	12	8	569	0.5740235485015873	0.0947185677228713
381	382	3	12	9	570	0.12125021104896785	0.0006749767361441587
382	383	3	12	10	571	0.3394848722947992	-0.07405440211598532
383	384	3	12	1	562	0.36401597425514626	-0.19785569337403966
384	385	3	12	2	563	0.03373718602432967	-0.023859160106241284
385	386	3	1	0	440	0.04309179508460155	-0.012451672515117375
386	387	3	1	3	443	0.22553678021154874	0.4461221687116847
387	388	3	1	4	444	0.044020866285403804	0.2047328913867759
388	389	3	1	5	445	0.09207615363076854	-0.03684434490910162
389	390	3	1	6	446	0.11174634723578553	0.02533229646861278
390	391	3	1	7	447	0.08312390766903713	0.12431942303950541
391	392	3	1	8	448	0.14058809668580707	0.10493875349695168
392	393	3	1	9	449	0.06623077088702298	0.015547380188140064
393	394	3	1	10	450	0.12088005854610191	-0.05909530999529523
394	395	3	1	1	441	0.08036927832322953	-0.07550830782815988
395	396	3	1	2	442	0.010323623051501864	-0.17763463338193952
396	397	3	2	0	451	0.03519489651769894	0.001201912789971447
397	398	3	2	3	454	0.43153500207863	0.45327889413549727
398	399	3	2	4	455	0.052088263114290094	0.36583122947123664
399	400	3	2	5	456	0.24939643619922078	-0.17653482953946484
400	401	3	2	6	457	0.15205154977897034	-0.08447233374812595
401	402	3	2	7	458	0.09514585931104484	0.31829219864227654
402	403	3	2	8	459	0.2591246030100508	0.09680247318499696
403	404	3	2	9	460	0.07048261726790296	-0.02357306614116517
404	405	3	2	10	461	0.205558558841764	-0.05916870534772168
405	406	3	2	1	452	0.5632987645966605	-0.26901814864247553
406	407	3	2	2	453	0.0050683818530289654	-0.18359402535319747
407	408	3	3	0	462	0.028935053886789557	-0.03935741964625638
408	409	3	3	3	465	0.4212958637077545	0.4753029114780169
409	410	3	3	4	466	0.12467408312872406	-0.23046183952393662
410	411	3	3	5	467	0.40138269320300973	-0.3373325534110853
411	412	3	3	6	468	0.21033687692034825	0.053964654900623514
412	413	3	3	7	469	0.06638547960870092	0.2484721838998777
413	414	3	3	8	470	0.24253032748482195	0.058724502590046114
414	415	3	3	9	471	0.09532395559498728	-0.03305498151847465
415	416	3	3	10	472	0.2305180560544494	-0.11159686195127208
416	417	3	3	1	463	0.4178092308903965	-0.20338809452962567
417	418	3	3	2	464	0.03322702561488466	-0.00909374088567813
418	419	3	4	0	473	0.030958033328006913	0.052295179575600814
419	420	3	4	3	476	0.11083551870285963	0.434028560754595
420	421	3	4	4	477	0.07545771156445233	0.06992577991836875
421	422	3	4	5	478	0.1951844174466594	-0.24086858504762007
422	423	3	4	6	479	0.1444727817445281	0.08321864390303288
423	424	3	4	7	480	0.05323037558998043	0.2017158468141638
424	425	3	4	8	481	0.10661758806021703	0.07888204189265653
425	426	3	4	9	482	0.03335110725742306	-0.02605184110985842
426	427	3	4	10	483	0.07318256166970574	-0.14059912578113143
427	428	3	4	1	474	0.41490499001611825	-0.23443420062139939
428	429	3	4	2	475	0.015284972410128638	-0.16238332329976238
429	430	4	0	0	572	0.3075900343204432	0.05674369953111843
430	431	4	0	3	575	1.6050194515355016	0.5682159924613731
431	432	4	0	4	576	0.14354864438856182	0.6878684872700996
432	433	4	0	5	577	3.0322668638175263	-0.629923421179109
433	434	4	0	6	578	1.4356174935031871	-0.02121031937858259
434	435	4	0	7	579	0.19349876945150424	0.3854008713217673
435	436	4	0	8	580	1.1577926830965224	-0.13942036204317917
436	437	4	0	9	581	0.2985573403044136	-0.10669783928917893
437	438	4	0	10	582	1.1008885273051163	-0.23107674242111303
438	439	4	0	1	573	0.4941155771512184	-0.33136227959431236
439	440	4	0	2	574	0.11463621755023193	0.10300954214603976
440	441	4	5	0	627	0.19200901883944274	-0.004839050238372577
441	442	4	5	3	630	2.1359599613946774	0.45994727596231183
442	443	4	5	4	631	0.6040833358423036	0.298827930025761
443	444	4	5	5	632	0.0022856115344425682	0.25258518539503755
444	445	4	5	6	633	1.2513295506501743	-0.005545466110295671
445	446	4	5	7	634	0.08293482587622775	0.09414019298038588
446	447	4	5	8	635	0.6914304453126713	-0.15120984234624363
447	448	4	5	9	636	0.25265573745320363	-0.11273817673985047
448	449	4	5	10	637	1.132352178686574	-0.2971103001824603
449	450	4	5	1	628	0.2753865457717171	-0.30493710850703065
450	451	4	5	2	629	0.06074979423377429	-0.035924425600422784
451	452	4	6	0	638	0.2839612713990811	-0.00032112587752111655
452	453	4	6	3	641	1.9477022037832503	0.4123094552299855
453	454	4	6	4	642	0.521549231597218	0.4666149731147711
454	455	4	6	5	643	0.05101961194837701	0.09263901600003535
455	456	4	6	6	644	1.0065805691221752	-0.009705775425723748
456	457	4	6	7	645	0.10272160180996963	0.18371811289906123
457	458	4	6	8	646	1.0388445980277978	-0.1748923573758039
458	459	4	6	9	647	0.5616431671319794	-0.09426636894150309
459	460	4	6	10	648	1.5069987259705226	-0.3279213449146702
460	461	4	6	1	639	0.31615191464328113	-0.3141203053886289
461	462	4	6	2	640	0.13475352267526236	-0.09469208987256097
462	463	4	7	0	649	0.31486628692973373	-0.0007202045634508561
463	464	4	7	3	652	1.8070379647423964	0.43890562639062136
464	465	4	7	4	653	0.5280869192458498	0.4660109158331538
465	466	4	7	5	654	0.07328979334715369	0.17267813212252892
466	467	4	7	6	655	2.189100778423313	-0.06687247652142897
467	468	4	7	7	656	0.1787919650251383	0.15059184225334854
468	469	4	7	8	657	1.064303005511608	-0.14256783645696225
469	470	4	7	9	658	0.5983511643173991	-0.06673972653405494
470	471	4	7	10	659	1.2012514495256261	-0.3260506183036123
471	472	4	7	1	650	0.3548600206790638	-0.5396507411464581
472	473	4	7	2	651	0.09169409223523563	-0.042253174731450155
473	474	4	8	0	660	0.2707583405944085	0.006490124959675852
474	475	4	8	3	663	1.6789298523149074	0.41683736789805864
475	476	4	8	4	664	0.4682091679539155	0.44723895063540087
476	477	4	8	5	665	0.04798404551757899	0.08064615083543845
477	478	4	8	6	666	0.7321714687492001	-0.02631591316077669
478	479	4	8	7	667	0.1283960927975685	0.14941583788318402
479	480	4	8	8	668	1.1748696658324727	-0.021344679450578764
480	481	4	8	9	669	0.6350404095984132	-0.09626528036755595
481	482	4	8	10	670	0.7379138631352532	-0.34574900057610997
482	483	4	8	1	661	0.3710525069770635	-0.3418075128148823
483	484	4	8	2	662	0.10739941784907392	-0.049430206054365294
484	485	4	9	0	671	0.21662787929072252	0.018062280403012207
485	486	4	9	3	674	1.5379097774361623	0.3907645537720352
486	487	4	9	4	675	0.34929073194377	0.3225397571482776
487	488	4	9	5	676	0.06110388137721466	0.10914862819976438
488	489	4	9	6	677	2.531286239334352	-0.04307577276128318
489	490	4	9	7	678	0.11593849096035887	0.18212339768881713
490	491	4	9	8	679	1.2980289110106331	0.019486428376703297
491	492	4	9	9	680	0.7449781035635223	-0.025824501954789553
492	493	4	9	10	681	1.7619425966290598	-0.25562822029185756
493	494	4	9	1	672	0.3110427199723829	-0.3213887867539297
494	495	4	9	2	673	0.23539955326479342	-0.037362992532549794
495	496	4	10	0	682	0.0452630716263029	0.061711835194651454
496	497	4	10	3	685	0.7443642248682021	0.4358458605167932
497	498	4	10	4	686	0.19192394919983366	0.42646776353986277
498	499	4	10	5	687	0.07035073125931643	0.004415544204730152
499	500	4	10	6	688	0.5620205500545408	0.010422582509657313
500	501	4	10	7	689	0.09308786926774372	0.26468736598080916
501	502	4	10	8	690	0.6312099900641351	-0.004163138982539775
502	503	4	10	9	691	0.12479068615934631	-0.09901336966907762
503	504	4	10	10	692	0.28188764548440254	-0.28873451138463485
504	505	4	10	1	683	0.9565246259339446	-0.5957985401813445
505	506	4	10	2	684	0.022097404492552254	-0.2589666250504594
506	507	4	11	0	693	0.08383458757947054	0.008850715428818923
507	508	4	11	3	696	1.2800091821759279	0.4795176194735046
508	509	4	11	4	697	0.21579905989035603	0.4669836298412984
509	510	4	11	5	698	0.05097423772246586	0.1174505606115564
510	511	4	11	6	699	0.6001446874590305	0.012290873401623818
511	512	4	11	7	700	0.0661541670387455	0.2724454957004018
512	513	4	11	8	701	1.1792055252233156	-0.0348459274212125
513	514	4	11	9	702	0.19002863484479857	-0.10259103147127918
514	515	4	11	10	703	0.5053385529226819	-0.3314110320511121
515	516	4	11	1	694	0.7446778280488574	-0.625112236806286
516	517	4	11	2	695	0.015591203441111921	-0.37803717394720576
517	518	4	12	0	704	0.30481966855620135	0.17710522100794338
518	519	4	12	3	707	0.8421671147110813	0.39786108974151285
519	520	4	12	4	708	0.2192215861223127	0.49147011423051895
520	521	4	12	5	709	0.10144688008302179	-0.0002140373361784896
521	522	4	12	6	710	0.5114604170400439	-0.015330292011563083
522	523	4	12	7	711	0.05961495296984389	0.21832361634236164
523	524	4	12	8	712	0.41524075093861373	-0.10499599510138583
524	525	4	12	9	713	0.12376950128915214	-0.10158033467004965
525	526	4	12	10	714	0.35896899152275286	-0.3129093279463966
526	527	4	12	1	705	0.47577080627500873	-0.5418352858380653
527	528	4	12	2	706	0.08360091848956593	-0.1280893522848172
528	529	4	1	0	583	0.03717681462546276	-0.016371330786854682
529	530	4	1	3	586	0.221943920611073	0.5259880783517183
530	531	4	1	4	587	0.04343133531336179	0.4537755243580715
531	532	4	1	5	588	0.06915911571812658	-0.4886681825622851
532	533	4	1	6	589	0.06561474878879797	-0.08350832166512215
533	534	4	1	7	590	0.03269156821866445	0.19443593571995524
534	535	4	1	8	591	0.1461391374305981	-0.05893167959098568
535	536	4	1	9	592	0.03332314760141815	-0.09955126778107665
536	537	4	1	10	593	0.15031418777632796	-0.23515847438286594
537	538	4	1	1	584	0.0848652695422996	-0.4740266786894641
538	539	4	1	2	585	0.01986018803668493	0.059569509926899925
539	540	4	2	0	594	0.06284405713409576	0.0018008695234353527
540	541	4	2	3	597	0.2884495149902213	0.5528000883695031
541	542	4	2	4	598	0.07810558713349254	0.5666142584763874
542	543	4	2	5	599	0.4231470491163443	-0.6762194205461558
543	544	4	2	6	600	0.1520064919169073	-0.14211820067401632
544	545	4	2	7	601	0.06533904387609363	0.3195059948253935
545	546	4	2	8	602	0.21571480049814623	-0.09731233852204667
546	547	4	2	9	603	0.053145589941315796	-0.11942839411429793
547	548	4	2	10	604	0.186780314716309	-0.30897756026459733
548	549	4	2	1	595	0.6480611030996081	-0.7180226411744447
549	550	4	2	2	596	0.04697070580237731	-0.21220490270004552
550	551	4	3	0	605	0.06764342561792056	-0.0036995582824950785
551	552	4	3	3	608	0.7186202591079717	0.519520961930392
552	553	4	3	4	609	0.11579137709255953	0.6099152412672765
553	554	4	3	5	610	0.9463086696030685	-0.6647349479766734
554	555	4	3	6	611	0.2668743186181422	-0.10294987769654511
555	556	4	3	7	612	0.06041285557586835	0.2856897645374741
556	557	4	3	8	613	0.5754158334553926	-0.10679702598271355
557	558	4	3	9	614	0.1169894210525812	-0.12990342220231613
558	559	4	3	10	615	0.30786271144140664	-0.3830835796519932
559	560	4	3	1	606	0.6749763845027201	-0.7207797368548252
560	561	4	3	2	607	0.04683736039477343	-0.17297527220227485
561	562	4	4	0	616	0.05673205379997936	-0.0026111057437353683
562	563	4	4	3	619	0.2817523199468697	0.4740411497918784
563	564	4	4	4	620	0.08858599479770239	0.4521810718769106
564	565	4	4	5	621	0.3471373801956609	-0.5517350994796902
565	566	4	4	6	622	0.10141661220216926	-0.05422229376544531
566	567	4	4	7	623	0.07617826277608719	0.30357861409516956
567	568	4	4	8	624	0.18554958872346786	-0.03685074394791497
568	569	4	4	9	625	0.052421737665377964	-0.0861213512431142
569	570	4	4	10	626	0.15999038113919398	-0.26853656108989493
570	571	4	4	1	617	0.46115473743081886	-0.6194577784281374
571	572	4	4	2	618	0.0191314022310108	-0.20950690406523445
572	573	5	0	0	715	0.16411813645433018	-0.020659545553276974
573	574	5	0	3	718	0.378412997405696	0.46189571091470194
574	575	5	0	4	719	0.34234999329806054	0.6045517894720057
575	576	5	0	5	720	0.5989668792539109	-0.43923525800968777
576	577	5	0	6	721	0.4760171123200472	0.026330928810402065
577	578	5	0	7	722	0.10436490568015593	0.15089563306614795
578	579	5	0	8	723	0.3291725324717723	-0.14312836957848868
579	580	5	0	9	724	0.08095030083629245	-0.20911686586275427
580	581	5	0	10	725	0.30449387815141343	-0.2805472675270823
581	582	5	0	1	716	0.5229308185035799	-0.5327761703066974
582	583	5	0	2	717	0.07940905054369182	-0.06556864775350306
583	584	5	5	0	770	0.47260127528994966	-0.03397260732136374
584	585	5	5	3	773	1.24170114243588	0.5077403855783832
585	586	5	5	4	774	0.23777700182434422	0.5880241783979343
586	587	5	5	5	775	1.5395847066920154	-0.4126310133819296
587	588	5	5	6	776	0.7723833213707141	0.0556735970523457
588	589	5	5	7	777	0.1398533384339658	0.35005867493557646
589	590	5	5	8	778	1.147512757193469	-0.037917275212792305
590	591	5	5	9	779	0.3212305437117964	-0.13545464576870145
591	592	5	5	10	780	1.282692644258303	-0.028542085706356485
592	593	5	5	1	771	0.5757656845146394	-0.40910634881646135
593	594	5	5	2	772	0.07822841871771369	-0.10729463139107792
594	595	5	6	0	781	0.6671162776918818	0.006302468455430219
595	596	5	6	3	784	1.3499448442047257	0.5139451366034201
596	597	5	6	4	785	0.616474006678633	0.6772487499996842
597	598	5	6	5	786	1.7907960487410044	-0.36716250139228096
598	599	5	6	6	787	0.8778623092537208	0.20326347951791202
599	600	5	6	7	788	0.14288854152339628	0.268797643543539
600	601	5	6	8	789	1.3296869158450961	-0.0699049337952736
601	602	5	6	9	790	0.5175576976545395	-0.08754274384710073
602	603	5	6	10	791	1.036592489595399	-0.07033692560076034
603	604	5	6	1	782	0.2755604134634067	-0.43360532233545573
604	605	5	6	2	783	0.16965648648087817	-0.07971067760159345
605	606	5	7	0	792	0.4709672552191729	0.006151878365205691
606	607	5	7	3	795	0.9949441089836173	0.4756198707037023
607	608	5	7	4	796	0.248860816096823	0.5830000797220356
608	609	5	7	5	797	0.6342968234413632	-0.3994784196295695
609	610	5	7	6	798	0.32705445518199994	0.08707218013339074
610	611	5	7	7	799	0.1668027259102163	0.24344640321010155
611	612	5	7	8	800	0.916194783787979	-0.021784176660139803
612	613	5	7	9	801	0.1549711064498399	-0.13258644713510082
613	614	5	7	10	802	0.7017268191570952	-0.1270592113227912
614	615	5	7	1	793	1.008004305013592	-0.4258733962445426
615	616	5	7	2	794	0.09614138358324802	-0.20383191807217207
616	617	5	8	0	803	0.18912650144853346	0.003385606501400142
617	618	5	8	3	806	1.5951402502245724	0.49800783006539645
618	619	5	8	4	807	0.28757092092616915	0.50958781413012
619	620	5	8	5	808	0.8103960214887707	-0.4748775702378454
620	621	5	8	6	809	0.6921122458410487	0.07796243251163625
621	622	5	8	7	810	0.14016517978194334	0.27136589263207284
622	623	5	8	8	811	1.917579197562713	0.0401944448755595
623	624	5	8	9	812	0.5733412808964651	-0.06997378433353636
624	625	5	8	10	813	0.9612020623994997	-0.11716820312029151
625	626	5	8	1	804	1.2105393673469427	-0.43638321078050507
626	627	5	8	2	805	0.11332191806370921	-0.10539369448272565
627	628	5	9	0	814	0.1525539971375783	0.002002081246411062
628	629	5	9	3	817	1.2167325809365315	0.482391371213839
629	630	5	9	4	818	0.401076591308824	0.5380037168372619
630	631	5	9	5	819	0.8203547134135716	-0.4109260176510312
631	632	5	9	6	820	0.5357129545081861	0.17132844945546274
632	633	5	9	7	821	0.1448294176708259	0.32696602038820793
633	634	5	9	8	822	0.7385288486493876	-0.05404298889146675
634	635	5	9	9	823	0.28378539193536967	-0.05074475089006043
635	636	5	9	10	824	1.063247035140123	-0.11114624852785944
636	637	5	9	1	815	0.6750931057338541	-0.4022638592411285
637	638	5	9	2	816	0.09638762117757874	-0.11642963828630223
638	639	5	10	0	825	0.05371432022902435	-0.0025286261321498336
639	640	5	10	3	828	0.29007842994805155	0.49176229220755463
640	641	5	10	4	829	0.09794486749183322	0.4452684905679219
641	642	5	10	5	830	0.2652652231710438	-0.5485421396705455
642	643	5	10	6	831	0.22539431129838444	0.010366603270808749
643	644	5	10	7	832	0.04032824402021888	0.1677048333985327
644	645	5	10	8	833	0.29612896903532954	-0.10694220391432004
645	646	5	10	9	834	0.08104819585679515	-0.05673575501719246
646	647	5	10	10	835	0.2153761510165543	-0.2023085731209085
647	648	5	10	1	826	0.8272570639439639	-0.5337089225912416
648	649	5	10	2	827	0.024591057683655253	-0.2967849539212783
649	650	5	11	0	836	0.08584887624594953	-0.0446252165086564
650	651	5	11	3	839	0.2652492759588848	0.4282535352794793
651	652	5	11	4	840	0.18593878917974374	0.5907080417708971
652	653	5	11	5	841	0.24466512108630503	-0.519688071674779
653	654	5	11	6	842	0.16558424337856054	0.1713500245144248
654	655	5	11	7	843	0.05795068883950469	0.2423611116568473
655	656	5	11	8	844	0.4077688536357886	-0.12030958319359471
656	657	5	11	9	845	0.06387005010859549	-0.10695292323108664
657	658	5	11	10	846	0.2674319494275996	-0.21886528506179093
658	659	5	11	1	837	0.23164450558200406	-0.5172788210536904
659	660	5	11	2	838	0.06017947418933377	0.029202618362953393
660	661	5	12	0	847	0.11764971545352729	-0.004022023526420078
661	662	5	12	3	850	0.6209367729747857	0.45607195214793506
662	663	5	12	4	851	0.07395605945730009	0.4041461699640142
663	664	5	12	5	852	0.1596213975808132	-0.5134505589973308
664	665	5	12	6	853	0.1667360554056892	0.13039131006466181
665	666	5	12	7	854	0.08086670742886919	0.2682868209055891
666	667	5	12	8	855	0.4494515648988344	-0.12261482953165324
667	668	5	12	9	856	0.08530453080688133	-0.005161342589181889
668	669	5	12	10	857	0.35206327499499046	-0.14627876814706187
669	670	5	12	1	848	0.6965984468103923	-0.48675493780585827
670	671	5	12	2	849	0.060985629373995	-0.09238520197309379
671	672	5	1	0	726	0.1009100734608071	-0.035520655595979306
672	673	5	1	3	729	0.4561215376330813	0.45048584675587594
673	674	5	1	4	730	0.04546866495319709	0.3799878337082701
674	675	5	1	5	731	0.07393969889976414	-0.4007173032382358
675	676	5	1	6	732	0.08838140782853006	0.01646906983122802
676	677	5	1	7	733	0.10581645965913807	0.2756974382891976
677	678	5	1	8	734	0.3454867970181684	-0.035550166131497384
678	679	5	1	9	735	0.11340251404531103	0.0778438593429817
679	680	5	1	10	736	0.26752457478124586	-0.07173040916285935
680	681	5	1	1	727	0.6465443839845013	-0.4501220774909202
681	682	5	1	2	728	0.042073041982600166	-0.09346806830539446
682	683	5	2	0	737	0.08525582788210077	-0.02608349685821735
683	684	5	2	3	740	0.3747180278702952	0.4632689387323188
684	685	5	2	4	741	0.10392766282183322	0.5211459245862214
685	686	5	2	5	742	0.18778764735092168	-0.5564381469854145
686	687	5	2	6	743	0.11120489209944925	-0.07611136790047512
687	688	5	2	7	744	0.07958387552838364	0.28430373481766297
688	689	5	2	8	745	0.3277127801259254	-0.13330191908715563
689	690	5	2	9	746	0.11293600998825792	-0.02044254313104206
690	691	5	2	10	747	0.23881538521398818	-0.15390196640252937
691	692	5	2	1	738	0.4199127253983618	-0.5680342653043778
692	693	5	2	2	739	0.035118830316598945	-0.1041208274555738
693	694	5	3	0	748	0.06302995791038163	-0.04608719971321367
694	695	5	3	3	751	0.4134882789861545	0.4685058440084675
695	696	5	3	4	752	0.13508447002323234	0.5766819453246705
696	697	5	3	5	753	0.1590324965315861	-0.5600032732965154
697	698	5	3	6	754	0.08425662315602118	-0.05667635615811797
698	699	5	3	7	755	0.03900026353639644	0.3291354216364217
699	700	5	3	8	756	0.12988406153700408	-0.1544497901290903
700	701	5	3	9	757	0.06770769882356206	-0.058499596066569196
701	702	5	3	10	758	0.19113852166736026	-0.14520563750873916
702	703	5	3	1	749	0.38038506029845376	-0.5803892716176846
703	704	5	3	2	750	0.035563436267218855	-0.15604422176078153
704	705	5	4	0	759	0.03777259884877783	-0.09162461895429264
705	706	5	4	3	762	0.18316822221683868	0.48379672999887136
706	707	5	4	4	763	0.08449573982404286	0.4641579151240164
707	708	5	4	5	764	0.10455828641264739	-0.5659483097051498
708	709	5	4	6	765	0.0656976209894942	0.01680608891733456
709	710	5	4	7	766	0.05837692756244512	0.2601600816207975
710	711	5	4	8	767	0.0717038122211991	-0.1560542327232119
711	712	5	4	9	768	0.04258304938912615	-0.0838919462929135
712	713	5	4	10	769	0.12027349101038115	-0.15205819447351532
713	714	5	4	1	760	0.3170535171214908	-0.5765083000466132
714	715	5	4	2	761	0.0274744644093152	-0.1150176248399148
715	716	6	0	0	858	0.49657473419050213	-0.02347648838291627
716	717	6	0	3	861	0.9762356998560504	0.47439817223069297
717	718	6	0	4	862	0.4930141300231762	0.6902028950460994
718	719	6	0	5	863	1.1027336376199568	-0.492212356456446
719	720	6	0	6	864	0.30569734292153183	-0.03217219222303365
720	721	6	0	7	865	0.18840167129852398	0.43502045031679554
721	722	6	0	8	866	0.45618354241758197	-0.0577808746908398
722	723	6	0	9	867	0.18970103630292115	-0.06316187149543066
723	724	6	0	10	868	0.5330032148470928	-0.1592501347371189
724	725	6	0	1	859	0.8779794511594179	-0.5585496830129604
725	726	6	0	2	860	0.08543317737655137	-0.11734317158164487
726	727	6	5	0	913	0.4372713646775033	-0.010738415139662645
727	728	6	5	3	916	1.5052251107697883	0.47394072460290126
728	729	6	5	4	917	0.5913842849434338	0.7466236673909993
729	730	6	5	5	918	1.639575468182445	-0.5458087565003243
730	731	6	5	6	919	0.4541696298394281	-0.06560266391543315
731	732	6	5	7	920	0.12670323851597737	0.3374044496302241
732	733	6	5	8	921	0.7469113203252096	-0.13130268001177192
733	734	6	5	9	922	0.3724910445769548	-0.08252611304428462
734	735	6	5	10	923	1.0712286294574263	-0.1729311605961093
735	736	6	5	1	914	0.7775908556125588	-0.5819515244783974
736	737	6	5	2	915	0.08016265732219538	0.01831693032193893
737	738	6	6	0	924	0.2103269600584349	0.024037652894446707
738	739	6	6	3	927	1.46493664001683	0.49991632989291174
739	740	6	6	4	928	0.6228939015423588	0.7421794236979437
740	741	6	6	5	929	1.708524037541599	-0.5543503003628734
741	742	6	6	6	930	0.8052514648705701	-0.07978188709343709
742	743	6	6	7	931	0.18135351049209938	0.15756283810356037
743	744	6	6	8	932	0.8405523268102721	-0.12219481613232985
744	745	6	6	9	933	0.7561306132574842	-0.07791327024878429
745	746	6	6	10	934	1.2939884621885602	-0.18715998356432584
746	747	6	6	1	925	0.30001835895175055	-0.2559130383566559
747	748	6	6	2	926	0.32630228756321855	0.009228257557483386
748	749	6	7	0	935	0.3948588202742337	0.06045121884559693
749	750	6	7	3	938	1.578027144211576	0.4906585219310814
750	751	6	7	4	939	0.8927036871864452	0.6140773828191504
751	752	6	7	5	940	1.4119393033466057	-0.5116982524604377
752	753	6	7	6	941	0.42249520100950105	-0.11841475969453308
753	754	6	7	7	942	0.212354197573972	0.18807834106484508
754	755	6	7	8	943	0.851968425332787	-0.1820515892628962
755	756	6	7	9	944	0.48063143984933254	-0.08529885858707931
756	757	6	7	10	945	0.6425756847712655	-0.1690490939816869
757	758	6	7	1	936	0.31458594304479687	-0.4788900622817118
758	759	6	7	2	937	0.252593318044464	-0.0008418837572745426
759	760	6	8	0	946	0.7204890407290678	0.032266068048283816
760	761	6	8	3	949	2.044169892480734	0.442268562938074
761	762	6	8	4	950	0.5811183807204129	0.5958776090903785
762	763	6	8	5	951	1.9915859764903103	-0.5521078130529062
763	764	6	8	6	952	0.8460494786572802	-0.0856382496420036
764	765	6	8	7	953	0.1958938906415565	0.17578106301727314
765	766	6	8	8	954	1.1370106257973118	-0.17467093740643258
766	767	6	8	9	955	0.6326606626265822	-0.10895146480585768
767	768	6	8	10	956	1.4160032406811935	-0.2223951039362598
768	769	6	8	1	947	0.2617840080683465	-0.31122740708140206
769	770	6	8	2	948	0.27951060584275156	-0.0601810568812219
770	771	6	9	0	957	0.7720769009073036	0.07788031772120647
771	772	6	9	3	960	1.6228373409703925	0.46816034160818554
772	773	6	9	4	961	0.6610649808478952	0.5670014963993594
773	774	6	9	5	962	1.6944683959086195	-0.5899526386741624
774	775	6	9	6	963	0.8984489799956525	-0.08075649650413647
775	776	6	9	7	964	0.16983325109621597	0.1939345721833915
776	777	6	9	8	965	1.0195821313148494	-0.1489960352539645
777	778	6	9	9	966	0.5749672323098591	-0.05552168227786728
778	779	6	9	10	967	1.1074469770742055	-0.1920767832548025
779	780	6	9	1	958	0.2663119912395223	-0.4796425666824053
780	781	6	9	2	959	0.3087053943734798	-0.06287145200989891
781	782	6	10	0	968	0.17870791820540324	0.06318107344971169
782	783	6	10	3	971	0.650107257799088	0.5251104725589052
783	784	6	10	4	972	0.21187328538170325	0.5742323220350544
784	785	6	10	5	973	0.691390032029809	-0.5474110816760804
785	786	6	10	6	974	0.13921695936781062	0.018254277021186094
786	787	6	10	7	975	0.15095504949196148	0.24782323446458968
787	788	6	10	8	976	0.2944661671422352	-0.15315686509311466
788	789	6	10	9	977	0.1274875929184676	-0.1333519258554771
789	790	6	10	10	978	0.15971753177109813	-0.20504456555015263
790	791	6	10	1	969	0.638257457448617	-0.49029360235970093
791	792	6	10	2	970	0.06396881147571555	0.05200163885900314
792	793	6	11	0	979	0.3005821429707173	0.05373937267660584
793	794	6	11	3	982	0.6936787061849709	0.4833161377027605
794	795	6	11	4	983	0.41910813571824446	0.6135857479947538
795	796	6	11	5	984	0.6299118954934771	-0.5631362587374312
796	797	6	11	6	985	0.17864646671869125	-0.005883487359030614
797	798	6	11	7	986	0.1078061862942499	0.24317699039829227
798	799	6	11	8	987	0.5270961461260936	-0.11896211396922733
799	800	6	11	9	988	0.12225292138640502	-0.055097911044796916
800	801	6	11	10	989	0.17067691078521557	-0.22468262582328785
801	802	6	11	1	980	0.7405474571306987	-0.4078343512815558
802	803	6	11	2	981	0.06625052049677274	-0.06208109702424245
803	804	6	12	0	990	0.45558528923027575	0.028470160848581994
804	805	6	12	3	993	1.439574732357958	0.5066853894848079
805	806	6	12	4	994	0.5478919357923596	0.5864574860766458
806	807	6	12	5	995	1.1782938546319155	-0.6749793401653875
807	808	6	12	6	996	0.40255125202466896	-0.043286308080111115
808	809	6	12	7	997	0.27578645742767705	0.25375255357486054
809	810	6	12	8	998	0.9796486794972373	-0.17716165806736756
810	811	6	12	9	999	0.38729607641708963	-0.030711383012824302
811	812	6	12	10	1000	0.45117722363823387	-0.17754310308171278
812	813	6	12	1	991	0.4980884219583936	-0.4896898042312238
813	814	6	12	2	992	0.05706941326425975	-0.08193983666883625
814	815	6	1	0	869	0.17988360861472213	0.12472945164529729
815	816	6	1	3	872	0.41267786639460863	0.5202452713945566
816	817	6	1	4	873	0.22722628737457576	0.3411531767212505
817	818	6	1	5	874	0.2810669685368475	-0.5639054645535431
818	819	6	1	6	875	0.13550197411280115	0.011260985188691723
819	820	6	1	7	876	0.09943384237012547	0.16452504276864757
820	821	6	1	8	877	0.3211341206652354	-0.1675930163782785
821	822	6	1	9	878	0.056928022728608224	-0.07487873737679569
822	823	6	1	10	879	0.07404525899758246	-0.09003166561114624
823	824	6	1	1	870	0.1273451785274266	-0.6515878763062746
824	825	6	1	2	871	0.03246628938820472	-0.26003108820414056
825	826	6	2	0	880	0.06832180469498911	0.12917781121322808
826	827	6	2	3	883	0.30100244476908505	0.5811164227820288
827	828	6	2	4	884	0.17888571777437168	0.5577820044173408
828	829	6	2	5	885	0.25921463762714275	-0.5273614482706395
829	830	6	2	6	886	0.12391599460160399	-0.10770248008453279
830	831	6	2	7	887	0.09428606275806821	0.21752769894126067
831	832	6	2	8	888	0.18333237000806146	-0.11732949961124889
832	833	6	2	9	889	0.06560277031057599	-0.07099699386920619
833	834	6	2	10	890	0.16964214878927916	-0.15121758668149896
834	835	6	2	1	881	0.2748916772553025	-0.5300587547837396
835	836	6	2	2	882	0.044767012487247015	-0.09801134594507903
836	837	6	3	0	891	0.16228432011019578	0.034620460960988815
837	838	6	3	3	894	0.682143190513602	0.5278541406202801
838	839	6	3	4	895	0.2965779717331567	0.6688960359448944
839	840	6	3	5	896	1.140214978381826	-0.6136115063286793
840	841	6	3	6	897	0.5438752647343945	-0.028687538793788193
841	842	6	3	7	898	0.13522996860011166	0.2772114793705979
842	843	6	3	8	899	0.5318868421081158	-0.17675726144357742
843	844	6	3	9	900	0.24370535151889527	-0.00787010014105242
844	845	6	3	10	901	0.4679489579607996	-0.14093798651543046
845	846	6	3	1	892	0.2683018778965348	-0.459507770393459
846	847	6	3	2	893	0.029655103155454474	0.041353176172128046
847	848	6	4	0	902	0.07455137325784715	-0.015413321175586536
848	849	6	4	3	905	0.2840729515360357	0.5810337770882076
849	850	6	4	4	906	0.1892417467808995	0.42381816039133113
850	851	6	4	5	907	0.2716483569253413	-0.5306970830594412
851	852	6	4	6	908	0.12625000729012345	-0.06058655339443317
852	853	6	4	7	909	0.07941566641146713	0.2647197355096765
853	854	6	4	8	910	0.19623424403938305	-0.18183679692585214
854	855	6	4	9	911	0.046197888169034744	-0.1956149324745606
855	856	6	4	10	912	0.08524164958025028	-0.1028196916313045
856	857	6	4	1	903	0.17694833007873573	-0.5997456610766485
857	858	6	4	2	904	0.0016473371567600997	0.04533497281816732
858	859	7	0	0	1001	0.5832262718900075	0.009112571225543485
859	860	7	0	3	1004	2.6734011439837855	0.45779717535417574
860	861	7	0	4	1005	0.806732659175068	0.6827354548091674
861	862	7	0	5	1006	5.398634987740741	-0.6347511188812689
862	863	7	0	6	1007	2.7960366959979908	-0.12266641267642943
863	864	7	0	7	1008	0.21069763161061267	0.00481484403351269
864	865	7	0	8	1009	2.377912875494641	-0.07784947177696191
865	866	7	0	9	1010	1.4324013064379693	-0.06326100235249345
866	867	7	0	10	1011	2.813159096467847	-0.23796363157983125
867	868	7	0	1	1002	2.1476030846197847	-0.5015271611379054
868	869	7	0	2	1003	0.36221829665684346	-0.1199060404713378
869	870	7	5	0	1056	0.5457138212684514	0.02533675271328951
870	871	7	5	3	1059	2.6733465751590844	0.5308570118532417
871	872	7	5	4	1060	0.733771373048681	0.6488765064095814
872	873	7	5	5	1061	4.700015750551833	-0.6010080200141349
873	874	7	5	6	1062	1.0574959878146295	-0.09292113285610484
874	875	7	5	7	1063	0.11165294019192742	0.07055489746305625
875	876	7	5	8	1064	0.97243555399527	-0.15258717212442083
876	877	7	5	9	1065	0.4189060730140902	-0.06881866118661983
877	878	7	5	10	1066	2.4760315621114164	-0.2546714380675024
878	879	7	5	1	1057	1.292330683530121	-0.4447363766932263
879	880	7	5	2	1058	0.24902491460434872	-0.12073084681317137
880	881	7	6	0	1067	0.7070979738155454	0.0034949352750430307
881	882	7	6	3	1070	3.292511031485201	0.42091888433546853
882	883	7	6	4	1071	0.839348573431113	0.6401858792104191
883	884	7	6	5	1072	5.012830311840515	-0.5960393592496582
884	885	7	6	6	1073	1.278344042483065	-0.0658943869559467
885	886	7	6	7	1074	0.15392238205331343	0.09639799663857988
886	887	7	6	8	1075	0.7143958789660894	-0.03962701855513643
887	888	7	6	9	1076	0.7084067487858015	-0.05013090194900414
888	889	7	6	10	1077	3.43846475833834	-0.2554195533358921
889	890	7	6	1	1068	1.0836159420186555	-0.4215844793061227
890	891	7	6	2	1069	0.30717743275982096	-0.09806115643748106
891	892	7	7	0	1078	0.7496671370441049	0.037221964976289844
892	893	7	7	3	1081	2.8668848171838976	0.4739288864597737
893	894	7	7	4	1082	0.6210335978738298	0.6687349575558218
894	895	7	7	5	1083	3.9443960075499818	-0.6060488661729774
895	896	7	7	6	1084	0.6718879480342512	-0.12326211604075657
896	897	7	7	7	1085	0.12004711135540956	0.09859323566966363
897	898	7	7	8	1086	0.9063491118757024	-0.025369907279460886
898	899	7	7	9	1087	0.46491789764490576	-0.059036800702754355
899	900	7	7	10	1088	1.5779099573968156	-0.2726001722410475
900	901	7	7	1	1079	2.199962284386279	-0.55629438403018
901	902	7	7	2	1080	0.15772776864112734	-0.21458093100793327
902	903	7	8	0	1089	0.691019981213772	-0.002028795482910615
903	904	7	8	3	1092	2.742760979708564	0.5273973641488633
904	905	7	8	4	1093	0.3640959283424355	0.6462186639927138
905	906	7	8	5	1094	4.632171154407712	-0.6282080952209055
906	907	7	8	6	1095	1.3307096019299651	-0.043407788490246374
907	908	7	8	7	1096	0.1540308491677722	0.2196991898845747
908	909	7	8	8	1097	1.0130416211665347	-0.03238760145648146
909	910	7	8	9	1098	0.5400586080429279	-0.10123845464545257
910	911	7	8	10	1099	1.5857718751088428	-0.2982449280439298
911	912	7	8	1	1090	1.0083372673736486	-0.5050445315506037
912	913	7	8	2	1091	0.21365425061913038	-0.11020434617625965
913	914	7	9	0	1100	0.8294476101503812	-0.011716414703636331
914	915	7	9	3	1103	2.9802073363106056	0.5180646527429539
915	916	7	9	4	1104	0.8523487932646925	0.7382377918204382
916	917	7	9	5	1105	4.986084187785372	-0.6359934496725397
917	918	7	9	6	1106	2.5611803405579425	-0.11676675545738326
918	919	7	9	7	1107	0.21106355575181784	0.1778220948223823
919	920	7	9	8	1108	1.6096294638621913	-0.1315950567670216
920	921	7	9	9	1109	0.5677021263421935	-0.1457703132948179
921	922	7	9	10	1110	1.705968332752156	-0.2946961341872525
922	923	7	9	1	1101	1.0241590831780338	-0.5049373055456933
923	924	7	9	2	1102	0.16082124594175431	-0.13043578582687515
924	925	7	10	0	1111	0.1845864588247979	0.03586027684807472
925	926	7	10	3	1114	1.1554954833991047	0.5875302993492949
926	927	7	10	4	1115	0.23849724395531713	0.623662793379784
927	928	7	10	5	1116	1.9365635234596532	-0.6547010308964796
928	929	7	10	6	1117	0.8883185725793936	-0.09687262344291078
929	930	7	10	7	1118	0.3816252813748024	0.3427756530268377
930	931	7	10	8	1119	1.2710631714011233	-0.17664151786390783
931	932	7	10	9	1120	0.12301671795870182	-0.043518654776733605
932	933	7	10	10	1121	0.4543330925701533	-0.26909014258594766
933	934	7	10	1	1112	1.0190624405707531	-0.6962406115474807
934	935	7	10	2	1113	0.042382668195286355	-0.1702697596698422
935	936	7	11	0	1122	0.28988967156270645	-0.013130306410865487
936	937	7	11	3	1125	1.5776935515518267	0.5141322167998551
937	938	7	11	4	1126	0.2445417603989449	0.6743683208892498
938	939	7	11	5	1127	2.853785418583683	-0.6812508526253465
939	940	7	11	6	1128	1.4706413072574478	-0.008551312480639972
940	941	7	11	7	1129	0.1865428167282921	0.2231497340772969
941	942	7	11	8	1130	1.5202044808657431	-0.027315794194401968
942	943	7	11	9	1131	0.3597031005085308	-0.10311241236757146
943	944	7	11	10	1132	0.7848066804072438	-0.29692254534521345
944	945	7	11	1	1123	1.3534301743335735	-0.6853925452946045
945	946	7	11	2	1124	0.08999375286450129	-0.14244011891112893
946	947	7	12	0	1133	0.16317276803117445	3.359152736331924e-05
947	948	7	12	3	1136	0.3515342764325828	0.45533484098860094
948	949	7	12	4	1137	0.363735166974488	0.6692684943128616
949	950	7	12	5	1138	0.9359291519374505	-0.6590021521022128
950	951	7	12	6	1139	0.23022261693405255	-0.14015745093091303
951	952	7	12	7	1140	0.2288705736404091	0.23850892960667416
952	953	7	12	8	1141	0.6385687925454965	-0.20347187528169627
953	954	7	12	9	1142	0.22665638654239376	-0.09570575634345274
954	955	7	12	10	1143	0.886273189451475	-0.29191175615266063
955	956	7	12	1	1134	1.0556658592958361	-0.6511992765665158
956	957	7	12	2	1135	0.2510928645935615	-0.07462514692209697
957	958	7	1	0	1012	0.1068400190421074	0.0513086671754628
958	959	7	1	3	1015	0.22925414059877033	0.5426809516657441
959	960	7	1	4	1016	0.10968769665546854	0.4840159496387039
960	961	7	1	5	1017	0.27046638214637053	-0.5790384097969651
961	962	7	1	6	1018	0.054365727654800966	-0.041061502764190155
962	963	7	1	7	1019	0.08385481269927043	0.1941871531183153
963	964	7	1	8	1020	0.2685287255003092	-0.046184800081168216
964	965	7	1	9	1021	0.049152092936233585	-0.06744852967846854
965	966	7	1	10	1022	0.20230486094599553	-0.16427529811470123
966	967	7	1	1	1013	0.2741062078852034	-0.599005610199699
967	968	7	1	2	1014	0.03952867759665679	-0.1495445481917809
968	969	7	2	0	1023	0.10895525131686484	0.0411842763900476
969	970	7	2	3	1026	0.26938007717432944	0.5262036613569075
970	971	7	2	4	1027	0.1520726135594503	0.6575598802661063
971	972	7	2	5	1028	1.1315718716324243	-0.6775705558272075
972	973	7	2	6	1029	0.08709897667520528	-0.17878561997163592
973	974	7	2	7	1030	0.10105478225228386	0.20421024033330665
974	975	7	2	8	1031	0.5115517380025724	-0.1275246061076349
975	976	7	2	9	1032	0.17635535187522522	-0.11168240461915475
976	977	7	2	10	1033	0.2254872966865358	-0.29054462300350764
977	978	7	2	1	1024	1.09070184673966	-0.7031948862038474
978	979	7	2	2	1025	0.062067047826628904	-0.23954993522398013
979	980	7	3	0	1034	0.15130801761017112	0.0014714730045410924
980	981	7	3	3	1037	0.32325590326827425	0.45571856782366055
981	982	7	3	4	1038	0.19538034203762855	0.7008699947260418
982	983	7	3	5	1039	1.3370588760367874	-0.6788823223750334
983	984	7	3	6	1040	0.13671459573901656	-0.09989073142602593
984	985	7	3	7	1041	0.14038621962330072	0.27503509539710724
985	986	7	3	8	1042	0.7542617433298878	-0.16010638449983966
986	987	7	3	9	1043	0.17699806788802233	-0.09248455400681473
987	988	7	3	10	1044	0.4671240004177096	-0.29986805393720684
988	989	7	3	1	1035	1.8335410439593345	-0.6926597455548748
989	990	7	3	2	1036	0.09390130018926889	-0.2105433317752214
990	991	7	4	0	1045	0.07071464964795506	-0.00657072638342781
991	992	7	4	3	1048	0.19264689972118315	0.44652085991054585
992	993	7	4	4	1049	0.12621922604036706	0.588621232920574
993	994	7	4	5	1050	0.7953179169275385	-0.6775527539100725
994	995	7	4	6	1051	0.07257882514362085	-0.18329570796419115
995	996	7	4	7	1052	0.10123492272403128	0.2669984576630979
996	997	7	4	8	1053	0.3888355197893109	-0.11088244912206865
997	998	7	4	9	1054	0.11353745684138765	-0.12112478358645176
998	999	7	4	10	1055	0.21517546795568548	-0.2373036918229097
999	1000	7	4	1	1046	1.5931701337304176	-0.7045900270535036
1000	1001	7	4	2	1047	0.0455142444569379	-0.285917821763154
1001	1002	8	0	0	1144	0.5291002515313409	0.04330499959964488
1002	1003	8	0	3	1147	0.6380049609498728	0.48163996031027534
1003	1004	8	0	4	1148	0.6866227351545485	0.7700094718300688
1004	1005	8	0	5	1149	2.6283128206847652	-0.6677375591857958
1005	1006	8	0	6	1150	0.3309151552074067	-0.134541258266021
1006	1007	8	0	7	1151	0.2052597989787124	0.3125080455132873
1007	1008	8	0	8	1152	1.4465440283566873	-0.15884547994118486
1008	1009	8	0	9	1153	0.539127439189392	-0.13587495239155886
1009	1010	8	0	10	1154	1.1224588203004582	-0.24143859816726676
1010	1011	8	0	1	1145	0.9013582452933819	-0.5828167322581785
1011	1012	8	0	2	1146	0.5152716823012774	-0.06483751801722523
1012	1013	8	5	0	1199	0.5255435317245486	0.01885380163129557
1013	1014	8	5	3	1202	0.7535937072559818	0.4524804687956861
1014	1015	8	5	4	1203	0.5204407566101276	0.7464121606610703
1015	1016	8	5	5	1204	2.3178687857347287	-0.6881163608810087
1016	1017	8	5	6	1205	0.24141670860221268	-0.23449745357003246
1017	1018	8	5	7	1206	0.1068553949270176	0.27525077103389134
1018	1019	8	5	8	1207	0.704663607269796	-0.1998461447331084
1019	1020	8	5	9	1208	0.2905173796782477	-0.08095597198176871
1020	1021	8	5	10	1209	1.2512184112350848	-0.25983959335882445
1021	1022	8	5	1	1200	0.5124836295334805	-0.5011252637938625
1022	1023	8	5	2	1201	0.45221348624254715	-0.03972080947346781
1023	1024	8	6	0	1210	0.45281090890780124	0.02975048302966401
1024	1025	8	6	3	1213	0.5751110905164141	0.44483779143969565
1025	1026	8	6	4	1214	0.48603110350566375	0.765327365060831
1026	1027	8	6	5	1215	1.817835185271487	-0.6512970201504518
1027	1028	8	6	6	1216	0.2942376798811094	-0.1681751750682729
1028	1029	8	6	7	1217	0.11555222512592105	0.17715363851414578
1029	1030	8	6	8	1218	0.7703797243460507	-0.19860673691862316
1030	1031	8	6	9	1219	0.4218471119530283	-0.11152203100188732
1031	1032	8	6	10	1220	1.1985490150070477	-0.25590780561799237
1032	1033	8	6	1	1211	0.6575694910609656	-0.4849017787748652
1033	1034	8	6	2	1212	0.45462144471097743	-0.05321544833410252
1034	1035	8	7	0	1221	0.5136904481092073	-0.002453855802335417
1035	1036	8	7	3	1224	0.5091409486447215	0.40570354783941504
1036	1037	8	7	4	1225	0.45844745646941476	0.6011431686352608
1037	1038	8	7	5	1226	1.6672988671856357	-0.6052314129904225
1038	1039	8	7	6	1227	0.34096495190498	-0.12456850573921441
1039	1040	8	7	7	1228	0.16478149314798318	0.20586877790225688
1040	1041	8	7	8	1229	0.7088530368476352	-0.11188054241740392
1041	1042	8	7	9	1230	0.36061800909432373	-0.0958786428795166
1042	1043	8	7	10	1231	0.9815002799926341	-0.22846463616056542
1043	1044	8	7	1	1222	0.8145301802887535	-0.6543453444267091
1044	1045	8	7	2	1223	0.21295685393206976	-0.09128112753311118
1045	1046	8	8	0	1232	0.6857910783769364	0.019268595630947898
1046	1047	8	8	3	1235	0.6691450934726496	0.4173073627952341
1047	1048	8	8	4	1236	0.4731310322588807	0.571481326778541
1048	1049	8	8	5	1237	2.4890759976863297	-0.6465815782681821
1049	1050	8	8	6	1238	0.32405007748536657	-0.13678108356022425
1050	1051	8	8	7	1239	0.198471044118033	0.18929328736828407
1051	1052	8	8	8	1240	0.6327516059300717	-0.01894126933074999
1052	1053	8	8	9	1241	0.5107557640854528	-0.11913125812043739
1053	1054	8	8	10	1242	1.0694869936767193	-0.24199065434148911
1054	1055	8	8	1	1233	0.7428868243277638	-0.4816265863247689
1055	1056	8	8	2	1234	0.11043689593216627	-0.24776755552742244
1056	1057	8	9	0	1243	0.6535584177261647	0.017306967342403265
1057	1058	8	9	3	1246	0.6285542328955678	0.402678890166312
1058	1059	8	9	4	1247	0.4719564672892614	0.5844079308617102
1059	1060	8	9	5	1248	2.4298653526260843	-0.616676487723417
1060	1061	8	9	6	1249	0.31501407261691117	-0.18091688263003886
1061	1062	8	9	7	1250	0.20385546501288965	0.19393266650967542
1062	1063	8	9	8	1251	0.5344125965390313	-0.12145701253438365
1063	1064	8	9	9	1252	0.502487397590967	-0.09707671928999227
1064	1065	8	9	10	1253	0.640826621946766	-0.2001058342077868
1065	1066	8	9	1	1244	0.6161269572705257	-0.49016922409136643
1066	1067	8	9	2	1245	0.11903055496907487	-0.14887065384449633
1067	1068	8	10	0	1254	0.1368131995764421	-0.04736038769044623
1068	1069	8	10	3	1257	0.4060181774818545	0.4888328212436792
1069	1070	8	10	4	1258	0.240357605294084	0.47372288779065924
1070	1071	8	10	5	1259	0.9047877322653455	-0.613696645138051
1071	1072	8	10	6	1260	0.06344767593241145	-0.2574376229881914
1072	1073	8	10	7	1261	0.15749625337538553	0.2345955618662016
1073	1074	8	10	8	1262	0.33298047657037316	-0.03335213257171108
1074	1075	8	10	9	1263	0.12648611100133644	-0.2292093881266196
1075	1076	8	10	10	1264	0.3519273274424026	-0.249967706986209
1076	1077	8	10	1	1255	1.061805753117647	-0.6969686091616685
1077	1078	8	10	2	1256	0.06265825890996499	-0.16569751464056376
1078	1079	8	11	0	1265	0.08803157133029728	0.015902650132011482
1079	1080	8	11	3	1268	0.38193363416561915	0.440116598403842
1080	1081	8	11	4	1269	0.31729925125122393	0.513163865523511
1081	1082	8	11	5	1270	1.0214902765392107	-0.6489852331664192
1082	1083	8	11	6	1271	0.09251181857273143	-0.1928534599042025
1083	1084	8	11	7	1272	0.17526133065424396	0.3092992866098421
1084	1085	8	11	8	1273	0.5296220235653132	-0.021958025860400725
1085	1086	8	11	9	1274	0.1351525860676076	-0.10324367098007585
1086	1087	8	11	10	1275	0.5065970996235548	-0.25540031451392364
1087	1088	8	11	1	1266	0.9115831931781371	-0.6767491661024819
1088	1089	8	11	2	1267	0.0822110478238794	-0.2778130445611441
1089	1090	8	12	0	1276	0.17034380328932466	-0.014653385972077323
1090	1091	8	12	3	1279	0.749453685486133	0.444923530123384
1091	1092	8	12	4	1280	0.3258767164659321	0.557636769325137
1092	1093	8	12	5	1281	1.8355322117263082	-0.6243308269496802
1093	1094	8	12	6	1282	0.05314237952167416	-0.19793555044402758
1094	1095	8	12	7	1283	0.20827288430648466	0.21734359914383392
1095	1096	8	12	8	1284	0.7879780262669278	0.0007514896989067382
1096	1097	8	12	9	1285	0.13156249382170862	-0.11852377218828616
1097	1098	8	12	10	1286	0.8766573924838041	-0.2448785121268521
1098	1099	8	12	1	1277	0.8791687602118349	-0.610015679825951
1099	1100	8	12	2	1278	0.084032967783635	-0.19947049631850758
1100	1101	8	1	0	1155	0.09054604768397921	0.11169585939673363
1101	1102	8	1	3	1158	0.2286362476637891	0.45421975012832505
1102	1103	8	1	4	1159	0.16590803637720633	0.3331451306093441
1103	1104	8	1	5	1160	0.6230239336865424	-0.6484459284968322
1104	1105	8	1	6	1161	0.023640627253171124	-0.2513835143537585
1105	1106	8	1	7	1162	0.13356346249861617	0.23727471570448697
1106	1107	8	1	8	1163	0.22809395409818412	-0.1435587394823861
1107	1108	8	1	9	1164	0.08594910273678845	-0.2792874573267825
1108	1109	8	1	10	1165	0.19330565345064804	-0.20183556104986372
1109	1110	8	1	1	1156	0.49812262474909413	-0.6634713388493213
1110	1111	8	1	2	1157	0.05472425289283209	-0.22153710797263237
1111	1112	8	2	0	1166	0.10068223775612377	0.05680717556329234
1112	1113	8	2	3	1169	0.15917678135554936	0.47363611553557516
1113	1114	8	2	4	1170	0.19715316072694977	0.4746148720500897
1114	1115	8	2	5	1171	0.4542853245622982	-0.7087292673299408
1115	1116	8	2	6	1172	0.04419438947864855	-0.32535746205769445
1116	1117	8	2	7	1173	0.10860135997429067	0.27899496143366953
1117	1118	8	2	8	1174	0.4131633424616931	-0.14265015111558332
1118	1119	8	2	9	1175	0.11390072855861261	-0.2572953427193417
1119	1120	8	2	10	1176	0.20501125607724524	-0.1908575441593848
1120	1121	8	2	1	1167	1.2878813330296661	-0.7205805354838062
1121	1122	8	2	2	1168	0.059786216927492905	-0.43107425181164083
1122	1123	8	3	0	1177	0.09299016878352863	-0.018982402046293725
1123	1124	8	3	3	1180	1.0283549052778764	0.5257312123995004
1124	1125	8	3	4	1181	0.27865472219886706	0.6375942590395973
1125	1126	8	3	5	1182	2.003016286960283	-0.7480925368994341
1126	1127	8	3	6	1183	0.7370094030524071	-0.1095277688434331
1127	1128	8	3	7	1184	0.1446359301340227	0.22915885350308815
1128	1129	8	3	8	1185	1.1934786879755155	-0.2179105268624608
1129	1130	8	3	9	1186	0.19456767816376197	-0.14099338516639698
1130	1131	8	3	10	1187	0.9657194159669128	-0.23637820025248776
1131	1132	8	3	1	1178	0.27689525479687044	-0.597278903955108
1132	1133	8	3	2	1179	0.047677522857193504	-0.1675347546325586
1133	1134	8	4	0	1188	0.10627050492861465	-0.049366538871996324
1134	1135	8	4	3	1191	1.1621028816697097	0.553762059411211
1135	1136	8	4	4	1192	0.2957850365765985	0.5297489141074903
1136	1137	8	4	5	1193	0.8971258060318295	-0.7001100319312894
1137	1138	8	4	6	1194	0.14459080996378665	-0.11894084446859751
1138	1139	8	4	7	1195	0.14249499902330545	0.24956447685429856
1139	1140	8	4	8	1196	0.36921362773593336	-0.20722132055895187
1140	1141	8	4	9	1197	0.05708943834190274	-0.1335669338690519
1141	1142	8	4	10	1198	0.4888953855180806	-0.17975159508829128
1142	1143	8	4	1	1189	0.139801248191986	-0.5374742869980057
1143	1144	8	4	2	1190	0.055291050119585405	-0.12095748985326532
1144	1145	9	0	0	1287	0.7034993058133656	0.02404384837893236
1145	1146	9	0	3	1290	1.2242870063002003	0.4486578863240138
1146	1147	9	0	4	1291	0.634281508752637	0.6447523880308684
1147	1148	9	0	5	1292	1.9414734764859043	-0.42487617076111295
1148	1149	9	0	6	1293	0.5231055355337184	-0.25816878791726094
1149	1150	9	0	7	1294	0.1077774587931417	-0.08368057220164632
1150	1151	9	0	8	1295	0.8615646432348656	-0.15958511051651042
1151	1152	9	0	9	1296	0.40357712099540993	-0.09489503554126219
1152	1153	9	0	10	1297	1.075010736890701	-0.18985099415674023
1153	1154	9	0	1	1288	0.17174473613158778	-0.2711365154823541
1154	1155	9	0	2	1289	0.1342684196416517	-0.1749080197888287
1155	1156	9	5	0	1342	0.37953119786110595	0.16690393180409951
1156	1157	9	5	3	1345	1.366934173332357	0.3946045038965763
1157	1158	9	5	4	1346	0.5468079704497715	0.5303041048512142
1158	1159	9	5	5	1347	2.3150011594853424	-0.3846163768085145
1159	1160	9	5	6	1348	0.32139595722220954	-0.2813221410863529
1160	1161	9	5	7	1349	0.061663669715604504	-0.19721582808277316
1161	1162	9	5	8	1350	0.8581696773012483	-0.16318232534274918
1162	1163	9	5	9	1351	0.24731898055290497	-0.150295583493805
1163	1164	9	5	10	1352	1.1169435398736651	-0.181585108027426
1164	1165	9	5	1	1343	0.07433657492003592	-0.24477859518711415
1165	1166	9	5	2	1344	0.06585630786982206	-0.2016581989297426
1166	1167	9	6	0	1353	0.7462290379549475	0.09661450262826392
1167	1168	9	6	3	1356	1.155757268956382	0.32193814368565365
1168	1169	9	6	4	1357	0.6843971601906947	0.47502043641557967
1169	1170	9	6	5	1358	1.7312578917026789	-0.3602501438502681
1170	1171	9	6	6	1359	0.3916626070493766	-0.20043604175211147
1171	1172	9	6	7	1360	0.10524985354031885	-0.04908568326943416
1172	1173	9	6	8	1361	1.3417448932413232	-0.16549590615641227
1173	1174	9	6	9	1362	0.27683908221306364	-0.1360010062920139
1174	1175	9	6	10	1363	0.9417933030082305	-0.17740607103184922
1175	1176	9	6	1	1354	0.12407889479926469	-0.23609268287931667
1176	1177	9	6	2	1355	0.0743097048097654	-0.16343092201279583
1177	1178	9	7	0	1364	0.5325615817221778	0.11244481936691278
1178	1179	9	7	3	1367	1.0126229747942046	0.33274250552831947
1179	1180	9	7	4	1368	0.6601041982451303	0.47188190430082316
1180	1181	9	7	5	1369	1.2883646911018154	-0.18978136248204228
1181	1182	9	7	6	1370	0.3893457098030968	-0.022986099910518004
1182	1183	9	7	7	1371	0.10672747791628613	0.148756113924952
1183	1184	9	7	8	1372	1.231148204759441	-0.12088678534836989
1184	1185	9	7	9	1373	0.29701363731744346	-0.07926290142386415
1185	1186	9	7	10	1374	0.6439023140943997	-0.1397309523716181
1186	1187	9	7	1	1365	0.3806781454854868	-0.3175348312812614
1187	1188	9	7	2	1366	0.08056082722402516	-0.12161818460836203
1188	1189	9	8	0	1375	0.39290484120320895	0.0876479148024121
1189	1190	9	8	3	1378	1.2675469636560832	0.3787977327405694
1190	1191	9	8	4	1379	0.5939618365312618	0.4641168645606758
1191	1192	9	8	5	1380	2.0413903321357845	-0.4483365786602573
1192	1193	9	8	6	1381	0.38132819118050076	-0.18911046208925578
1193	1194	9	8	7	1382	0.08367097222041617	-0.01992590226293619
1194	1195	9	8	8	1383	0.5793731279466979	-0.16816215092478137
1195	1196	9	8	9	1384	0.38442502097088266	-0.0916731435625302
1196	1197	9	8	10	1385	0.7491785341321876	-0.21627777316331054
1197	1198	9	8	1	1376	0.13851610230531955	-0.3045602818316547
1198	1199	9	8	2	1377	0.04343933531073441	-0.15627345911778592
1199	1200	9	9	0	1386	0.602272691472166	0.036674380167985306
1200	1201	9	9	3	1389	1.3047736262099598	0.37080669845715886
1201	1202	9	9	4	1390	0.42447045833425995	0.457722176976206
1202	1203	9	9	5	1391	1.7163162660141105	-0.45035886303858524
1203	1204	9	9	6	1392	0.3603311606740566	-0.13678045346581166
1204	1205	9	9	7	1393	0.08061217337033025	-0.055985369972387886
1205	1206	9	9	8	1394	0.47892341234441244	-0.19583452137560023
1206	1207	9	9	9	1395	0.3309050159447848	-0.11125610370147976
1207	1208	9	9	10	1396	0.7992665737173932	-0.21956729391972646
1208	1209	9	9	1	1387	0.32370121721015266	-0.42884944839926087
1209	1210	9	9	2	1388	0.036415504597662504	-0.2553442615000719
1210	1211	9	10	0	1397	0.10895319193740229	0.08898355158229071
1211	1212	9	10	3	1400	0.33222585442238567	0.3945513970786931
1212	1213	9	10	4	1401	0.13978278120426466	0.3362198947898962
1213	1214	9	10	5	1402	0.6079043986815499	-0.5336580025549643
1214	1215	9	10	6	1403	0.1591886674725345	-0.1968479856376097
1215	1216	9	10	7	1404	0.07157360678722686	0.004832885340627978
1216	1217	9	10	8	1405	0.42094199824585005	-0.20053396540030707
1217	1218	9	10	9	1406	0.06854317491761203	-0.12094231470174664
1218	1219	9	10	10	1407	0.2432160587118837	-0.23261502141263785
1219	1220	9	10	1	1398	0.4971129051406725	-0.5639176913567275
1220	1221	9	10	2	1399	0.038592491225511415	-0.3551209645762618
1221	1222	9	11	0	1408	0.0768197694065546	-0.04014805858493301
1222	1223	9	11	3	1411	0.6567068200885259	0.3945403220243414
1223	1224	9	11	4	1412	0.21445635075088307	0.4689304155877401
1224	1225	9	11	5	1413	0.4289676486183714	-0.4780820255761741
1225	1226	9	11	6	1414	0.18684924450625273	-0.20966094096016805
1226	1227	9	11	7	1415	0.030877508452232222	-0.05582766563623831
1227	1228	9	11	8	1416	0.20078452795680374	-0.18102255285879432
1228	1229	9	11	9	1417	0.0717865678514332	-0.19143364087103626
1229	1230	9	11	10	1418	0.37436626338512463	-0.27095628060711363
1230	1231	9	11	1	1409	0.6384002848895103	-0.5762562219708328
1231	1232	9	11	2	1410	0.0504402108809116	-0.34509351220361983
1232	1233	9	12	0	1419	0.3113801911494331	0.002259938269609509
1233	1234	9	12	3	1422	0.3018672883939782	0.27399699551551754
1234	1235	9	12	4	1423	0.39622888302060766	0.4891472060350648
1235	1236	9	12	5	1424	1.7297842096305522	-0.4631457295990825
1236	1237	9	12	6	1425	0.21815848767651774	-0.2064090331325981
1237	1238	9	12	7	1426	0.10526329809175314	-0.07751669950449308
1238	1239	9	12	8	1427	0.8043018240268192	-0.21547929786250278
1239	1240	9	12	9	1428	0.19087026899229229	-0.1956667533610428
1240	1241	9	12	10	1429	0.9389999178090145	-0.26176745774595744
1241	1242	9	12	1	1420	0.3864189276977939	-0.36023604506444573
1242	1243	9	12	2	1421	0.0718446535833715	-0.22330513721739836
1243	1244	9	1	0	1298	0.06757839515991092	0.07171837766783441
1244	1245	9	1	3	1301	0.35418815777840607	0.38128435661899307
1245	1246	9	1	4	1302	0.07330866980006123	0.2932316675980524
1246	1247	9	1	5	1303	0.2945984729375226	-0.4058121151133864
1247	1248	9	1	6	1304	0.015766983244857376	-0.19746272530814687
1248	1249	9	1	7	1305	0.08662047909900203	0.12300104756724083
1249	1250	9	1	8	1306	0.2541126799283723	-0.11379989590403285
1250	1251	9	1	9	1307	0.08656738017409125	-0.04740064278739592
1251	1252	9	1	10	1308	0.2894635319540446	-0.1769226668323853
1252	1253	9	1	1	1299	0.17801895914391044	-0.41810199475679166
1253	1254	9	1	2	1300	0.0424422472216448	-0.1412059987168878
1254	1255	9	2	0	1309	0.12907377699788586	0.01883706044525791
1255	1256	9	2	3	1312	0.5756761721289115	0.44018224988862814
1256	1257	9	2	4	1313	0.24499446793131083	0.5022622244061405
1257	1258	9	2	5	1314	0.9553653185926502	-0.49994148532893784
1258	1259	9	2	6	1315	0.24744116233662444	-0.20044593605713484
1259	1260	9	2	7	1316	0.13254021206707275	0.06377625808804187
1260	1261	9	2	8	1317	0.4335849679510198	-0.1641363101598904
1261	1262	9	2	9	1318	0.13933957911963724	-0.1617736727038672
1262	1263	9	2	10	1319	0.4973850786042862	-0.21840588214704024
1263	1264	9	2	1	1310	0.5552460804923046	-0.5095687184443193
1264	1265	9	2	2	1311	0.05634060176672577	-0.3018457971114435
1265	1266	9	3	0	1320	0.12059959272679469	0.04234565462642296
1266	1267	9	3	3	1323	0.44143314580910015	0.4171296138187457
1267	1268	9	3	4	1324	0.4032151767447222	0.5251602046942885
1268	1269	9	3	5	1325	1.2567814171591933	-0.48050765240291393
1269	1270	9	3	6	1326	0.13048065667494382	-0.22398003482927614
1270	1271	9	3	7	1327	0.15049617253246683	0.050155695129608664
1271	1272	9	3	8	1328	0.7306441662401083	-0.2033385859446104
1272	1273	9	3	9	1329	0.1533023564315243	-0.1897777639917138
1273	1274	9	3	10	1330	0.5729064461587026	-0.26269817910132603
1274	1275	9	3	1	1321	1.0335843566050313	-0.6226814441397449
1275	1276	9	3	2	1322	0.04252917167845742	-0.4169906033502504
1276	1277	9	4	0	1331	0.03744820506965424	-0.026057222328673173
1277	1278	9	4	3	1334	0.3011763362840465	0.35801812508107167
1278	1279	9	4	4	1335	0.2186202149371311	0.3877654003536846
1279	1280	9	4	5	1336	0.6771502102125659	-0.5551248174398198
1280	1281	9	4	6	1337	0.09367027674994197	-0.2970145798844812
1281	1282	9	4	7	1338	0.11564300052962516	0.04536390193027694
1282	1283	9	4	8	1339	0.20886264160745197	-0.17188222546835033
1283	1284	9	4	9	1340	0.04474589787769645	-0.1572937514889692
1284	1285	9	4	10	1341	0.2412149200287399	-0.21361654152406298
1285	1286	9	4	1	1332	0.6383843532923419	-0.5802987879147335
1286	1287	9	4	2	1333	0.03189689601594706	-0.25622131100970724
1287	1288	1	0	0	143	0.9471871612358135	0.00396896231754919
1288	1289	1	0	3	146	2.062935673480579	0.4689357938368991
1289	1290	1	0	4	147	1.5714887235809099	0.7077364370379671
1290	1291	1	0	5	148	5.662403575353499	-0.7106092858521946
1291	1292	1	0	6	149	1.537267454001909	-0.023702781731355482
1292	1293	1	0	7	150	0.3150355450065116	0.4466553872138191
1293	1294	1	0	8	151	2.491919605068424	-0.1546431644046183
1294	1295	1	0	9	152	1.0469876407447152	-0.08273709725280831
1295	1296	1	0	10	153	2.4558434579708126	-0.2226126806221941
1296	1297	1	0	1	144	0.5777172868466102	-0.4159720607034226
1297	1298	1	0	2	145	0.17242234852463525	-0.031034450613852606
1298	1299	1	5	0	198	0.7396983207214463	0.025752569663069106
1299	1300	1	5	3	201	1.329274187570826	0.45598729936512533
1300	1301	1	5	4	202	0.5798531965197555	0.596569438599603
1301	1302	1	5	5	203	4.280547229997556	-0.5291856765311322
1302	1303	1	5	6	204	1.168646990774129	-0.24824026187552947
1303	1304	1	5	7	205	0.1673822867930595	-0.08245839242238438
1304	1305	1	5	8	206	1.8451270148588201	-0.19137862916877948
1305	1306	1	5	9	207	0.8181673302780783	-0.1879167953120356
1306	1307	1	5	10	208	2.699585887555197	-0.22823073012624612
1307	1308	1	5	1	199	0.4619716429863962	-0.27477094605611757
1308	1309	1	5	2	200	0.4636870094988511	-0.14135291491376623
1309	1310	1	6	0	209	0.18993606969539295	0.006102610395402614
1310	1311	1	6	3	212	1.0282615577788266	0.3282407314528603
1311	1312	1	6	4	213	0.2993271832668243	0.32010007515284983
1312	1313	1	6	5	214	3.7447484043121575	-0.5669554730401976
1313	1314	1	6	6	215	1.2335572515583668	-0.23135032387186963
1314	1315	1	6	7	216	0.22399137086166265	-0.07175578900203658
1315	1316	1	6	8	217	1.6626906021510925	-0.24530531803008557
1316	1317	1	6	9	218	0.7578740289216087	-0.1520627157675165
1317	1318	1	6	10	219	1.9799853145122306	-0.22311262204020485
1318	1319	1	6	1	210	0.3216514822108936	-0.30501226196579884
1319	1320	1	6	2	211	0.33888063259920076	-0.1046493809106727
1320	1321	1	7	0	220	0.16759655019871791	0.02981325508873254
1321	1322	1	7	3	223	1.5146972009297266	0.38003360642779327
1322	1323	1	7	4	224	0.17919975906640387	0.33124606826878206
1323	1324	1	7	5	225	1.582001920391157	-0.5283552518291142
1324	1325	1	7	6	226	0.6516309173233108	-0.16844886580805066
1325	1326	1	7	7	227	0.2308369262061517	0.033571738489209385
1326	1327	1	7	8	228	1.1834307722302821	-0.22493924150958655
1327	1328	1	7	9	229	0.48837383939788365	-0.13634709782203183
1328	1329	1	7	10	230	1.3506154511481774	-0.2206475120818731
1329	1330	1	7	1	221	0.44274338131827357	-0.3896105293855036
1330	1331	1	7	2	222	0.4290412840939424	-0.12039297968312876
1331	1332	1	8	0	231	0.2546760549457792	0.0800335328712387
1332	1333	1	8	3	234	1.1368189604141856	0.41255574264307776
1333	1334	1	8	4	235	0.29882500641950405	0.48772122528036693
1334	1335	1	8	5	236	2.936349084855391	-0.5983451017594252
1335	1336	1	8	6	237	0.7633040269122348	-0.21463224080761525
1336	1337	1	8	7	238	0.161574784138781	-0.04703241519748784
1337	1338	1	8	8	239	2.3011389335589123	-0.25338967955447744
1338	1339	1	8	9	240	0.8299343293003703	-0.164274636357554
1339	1340	1	8	10	241	3.2397776210114615	-0.24005798156499727
1340	1341	1	8	1	232	0.26069336845401037	-0.2848219310127518
1341	1342	1	8	2	233	0.4986713500655393	-0.09105816074110312
1342	1343	1	9	0	242	0.6723000116066312	0.0018745370640001278
1343	1344	1	9	3	245	2.306583299870543	0.37648503937990463
1344	1345	1	9	4	246	0.5722928547832145	0.48819001493319036
1345	1346	1	9	5	247	3.3335272416015496	-0.6046978088663394
1346	1347	1	9	6	248	1.0449144769867904	-0.2550573410742219
1347	1348	1	9	7	249	0.2143070079998778	-0.07010831892051896
1348	1349	1	9	8	250	2.196411114671475	-0.2519055834389596
1349	1350	1	9	9	251	0.5733283234229615	-0.1706604596749412
1350	1351	1	9	10	252	2.443106858545128	-0.2433494433012989
1351	1352	1	9	1	243	0.2542562183440945	-0.29784656781451085
1352	1353	1	9	2	244	0.4943169777001442	-0.12079703710253804
1353	1354	1	10	0	253	0.07319940605084678	0.11076482946863214
1354	1355	1	10	3	256	0.5044347241686166	0.4576876610657412
1355	1356	1	10	4	257	0.18247964107310913	0.3285348102754867
1356	1357	1	10	5	258	0.6633261388998356	-0.5576173628253961
1357	1358	1	10	6	259	0.237744158311678	-0.13037393721541932
1358	1359	1	10	7	260	0.1004549234398963	0.01381191351306883
1359	1360	1	10	8	261	0.33563166474206885	-0.1684729433890765
1360	1361	1	10	9	262	0.06676995080570507	-0.11006228797032974
1361	1362	1	10	10	263	0.4438260756292014	-0.2037092261619954
1362	1363	1	10	1	254	0.16314666932729063	-0.33183325455476353
1363	1364	1	10	2	255	0.09783229993318673	-0.1263047366398766
1364	1365	1	11	0	264	0.10920415021777925	-0.007353446683530654
1365	1366	1	11	3	267	0.7194721470289765	0.4698410322062391
1366	1367	1	11	4	268	0.3182104288372559	0.4647059041198909
1367	1368	1	11	5	269	1.7987824806460506	-0.603198088024766
1368	1369	1	11	6	270	0.4205234369415942	-0.1747661444052016
1369	1370	1	11	7	271	0.14093169677613981	-0.019025187820987315
1370	1371	1	11	8	272	0.5495375373125033	-0.2054373287662805
1371	1372	1	11	9	273	0.0595918226617214	-0.156445074616016
1372	1373	1	11	10	274	0.3313143457711425	-0.164201446745217
1373	1374	1	11	1	265	0.14809867050811226	-0.3174383230634303
1374	1375	1	11	2	266	0.10022416638785094	-0.1408746083422634
1375	1376	1	12	0	275	0.20611802229560205	0.022335223042539296
1376	1377	1	12	3	278	1.1441827821351478	0.4200155271932556
1377	1378	1	12	4	279	0.3190590508070528	0.47604416960513135
1378	1379	1	12	5	280	2.758662209757718	-0.6260774432943125
1379	1380	1	12	6	281	0.7736527711337035	-0.20984440757738682
1380	1381	1	12	7	282	0.21985002848863378	-0.010244197766910308
1381	1382	1	12	8	283	1.2030685643512924	-0.2541158787119362
1382	1383	1	12	9	284	0.13913170271144504	-0.19116898915997585
1383	1384	1	12	10	285	0.998955853288046	-0.24867525306166283
1384	1385	1	12	1	276	0.16334051024339663	-0.2818715858520343
1385	1386	1	12	2	277	0.11350810608112928	-0.09620812279923716
1386	1387	1	1	0	154	0.12479990175962744	0.031994374379207255
1387	1388	1	1	3	157	0.6025482063276763	0.4430789112207689
1388	1389	1	1	4	158	0.10691309982163992	0.4271858164191612
1389	1390	1	1	5	159	0.7876660518189862	-0.5595771809957777
1390	1391	1	1	6	160	0.1618484435876472	-0.22160844912406588
1391	1392	1	1	7	161	0.09817861869723614	0.05239310602810184
1392	1393	1	1	8	162	0.5251318546773848	-0.18677794848096846
1393	1394	1	1	9	163	0.1488126392936163	-0.09190228217349557
1394	1395	1	1	10	164	0.5197732095863443	-0.13442136813986022
1395	1396	1	1	1	155	0.1952090366264225	-0.32731772321190367
1396	1397	1	1	2	156	0.06546963916378135	-0.11147290922537326
1397	1398	1	2	0	165	0.10488832381636022	0.07946279499113863
1398	1399	1	2	3	168	0.5040774897744893	0.4698071262632449
1399	1400	1	2	4	169	0.1713550322855555	0.5110777070309841
1400	1401	1	2	5	170	0.9715229229227921	-0.5608413722941216
1401	1402	1	2	6	171	0.13835792743875974	-0.19750537934769333
1402	1403	1	2	7	172	0.15906058104759868	0.09305315337270838
1403	1404	1	2	8	173	0.7008725923410715	-0.16076735522070007
1404	1405	1	2	9	174	0.1225537925421089	-0.11339692778262904
1405	1406	1	2	10	175	0.4723236973736927	-0.1690846738368565
1406	1407	1	2	1	166	0.4375786674258883	-0.5108188277132344
1407	1408	1	2	2	167	0.02989707121116481	-0.2763603849098842
1408	1409	1	3	0	176	0.3640098349569023	0.011264952272655948
1409	1410	1	3	3	179	1.0392143942895784	0.43549426538907815
1410	1411	1	3	4	180	0.3076461935329246	0.5075265654534735
1411	1412	1	3	5	181	2.480090482479148	-0.5608721464472008
1412	1413	1	3	6	182	0.7634107030832642	-0.20039577449298238
1413	1414	1	3	7	183	0.1686120149747685	0.03412705801586314
1414	1415	1	3	8	184	1.3200923111374263	-0.21157696622664338
1415	1416	1	3	9	185	0.32297450017678514	-0.12600372161344092
1416	1417	1	3	10	186	0.7912234271373982	-0.219235672691967
1417	1418	1	3	1	177	0.379131327147623	-0.45716178045346395
1418	1419	1	3	2	178	0.09032725753499733	-0.17336290894453094
1419	1420	1	4	0	187	0.14151312056441073	0.03192883644984195
1420	1421	1	4	3	190	0.5690500451218898	0.42477249574850956
1421	1422	1	4	4	191	0.2981299294014505	0.44233709328067505
1422	1423	1	4	5	192	1.188532619937673	-0.5406258083490775
1423	1424	1	4	6	193	0.26861809456877406	-0.18290483710676136
1424	1425	1	4	7	194	0.3304391617281827	0.16820873434712252
1425	1426	1	4	8	195	0.6233293800660131	-0.15684363223309358
1426	1427	1	4	9	196	0.1390472612034494	-0.08464484914058125
1427	1428	1	4	10	197	0.28903370007012197	-0.15591848391033936
1428	1429	1	4	1	188	0.3141858295953676	-0.41056387249342335
1429	1430	1	4	2	189	0.0743110626755217	-0.1589945906430487
