sample_class	observation_id	current_pA
modified_membrane	trace_0001	0.04013
modified_membrane	trace_0002	0.04078
modified_membrane	trace_0003	0.04078
modified_membrane	trace_0004	0.0411
modified_membrane	trace_0005	0.04142
modified_membrane	trace_0006	0.04142
modified_membrane	trace_0007	0.04142
modified_membrane	trace_0008	0.04174
modified_membrane	trace_0009	0.04174
modified_membrane	trace_0010	0.04206
modified_membrane	trace_0011	0.04206
modified_membrane	trace_0012	0.0427
modified_membrane	trace_0013	0.04335
modified_membrane	trace_0014	0.04367
modified_membrane	trace_0015	0.04399
modified_membrane	trace_0016	0.04527
modified_membrane	trace_0017	0.04559
modified_membrane	trace_0018	0.04592
modified_membrane	trace_0019	0.04656
modified_membrane	trace_0020	0.04656
modified_membrane	trace_0021	0.04656
modified_membrane	trace_0022	0.0472
modified_membrane	trace_0023	0.04752
modified_membrane	trace_0024	0.04752
modified_membrane	trace_0025	0.04752
modified_membrane	trace_0026	0.04784
modified_membrane	trace_0027	0.04816
modified_membrane	trace_0028	0.04849
modified_membrane	trace_0029	0.04849
modified_membrane	trace_0030	0.04849
modified_membrane	trace_0031	0.04913
modified_membrane	trace_0032	0.04945
modified_membrane	trace_0033	0.05009
modified_membrane	trace_0034	0.05138
modified_membrane	trace_0035	0.05202
modified_membrane	trace_0036	0.05234
modified_membrane	trace_0037	0.05234
modified_membrane	trace_0038	0.05266
modified_membrane	trace_0039	0.05298
modified_membrane	trace_0040	0.0533
modified_membrane	trace_0041	0.05363
modified_membrane	trace_0042	0.05363
modified_membrane	trace_0043	0.05363
modified_membrane	trace_0044	0.05523
modified_membrane	trace_0045	0.05523
modified_membrane	trace_0046	0.05555
modified_membrane	trace_0047	0.05587
modified_membrane	trace_0048	0.05652
modified_membrane	trace_0049	0.05684
modified_membrane	trace_0050	0.05684
modified_membrane	trace_0051	0.05748
modified_membrane	trace_0052	0.05812
modified_membrane	trace_0053	0.05844
modified_membrane	trace_0054	0.05877
modified_membrane	trace_0055	0.05909
modified_membrane	trace_0056	0.05941
modified_membrane	trace_0057	0.05941
modified_membrane	trace_0058	0.05973
modified_membrane	trace_0059	0.05973
modified_membrane	trace_0060	0.05973
modified_membrane	trace_0061	0.05973
modified_membrane	trace_0062	0.06262
modified_membrane	trace_0063	0.06326
modified_membrane	trace_0064	0.06358
modified_membrane	trace_0065	0.06391
modified_membrane	trace_0066	0.06391
modified_membrane	trace_0067	0.06423
modified_membrane	trace_0068	0.06487
modified_membrane	trace_0069	0.06551
modified_membrane	trace_0070	0.06551
modified_membrane	trace_0071	0.06583
modified_membrane	trace_0072	0.06776
modified_membrane	trace_0073	0.0684
modified_membrane	trace_0074	0.07001
modified_membrane	trace_0075	0.07161
modified_membrane	trace_0076	0.07162
modified_membrane	trace_0077	0.0729
modified_membrane	trace_0078	0.07386
modified_membrane	trace_0079	0.07451
modified_membrane	trace_0080	0.07515
modified_membrane	trace_0081	0.07643
modified_membrane	trace_0082	0.07643
modified_membrane	trace_0083	0.07643
modified_membrane	trace_0084	0.07708
modified_membrane	trace_0085	0.07708
modified_membrane	trace_0086	0.07708
modified_membrane	trace_0087	0.079
modified_membrane	trace_0088	0.07932
modified_membrane	trace_0089	0.07965
modified_membrane	trace_0090	0.08125
modified_membrane	trace_0091	0.08157
modified_membrane	trace_0092	0.08157
modified_membrane	trace_0093	0.08479
modified_membrane	trace_0094	0.08575
modified_membrane	trace_0095	0.08607
modified_membrane	trace_0096	0.08671
modified_membrane	trace_0097	0.08736
modified_membrane	trace_0098	0.08832
modified_membrane	trace_0099	0.08864
modified_membrane	trace_0100	0.08864
modified_membrane	trace_0101	0.08928
modified_membrane	trace_0102	0.0896
modified_membrane	trace_0103	0.08992
modified_membrane	trace_0104	0.08993
modified_membrane	trace_0105	0.09153
modified_membrane	trace_0106	0.09346
modified_membrane	trace_0107	0.09346
modified_membrane	trace_0108	0.09474
modified_membrane	trace_0109	0.09635
modified_membrane	trace_0110	0.09764
modified_membrane	trace_0111	0.09796
modified_membrane	trace_0112	0.09892
modified_membrane	trace_0113	0.09892
modified_membrane	trace_0114	0.09924
modified_membrane	trace_0115	0.09988
modified_membrane	trace_0116	0.10053
modified_membrane	trace_0117	0.1047
modified_membrane	trace_0118	0.10502
modified_membrane	trace_0119	0.10534
modified_membrane	trace_0120	0.10567
modified_membrane	trace_0121	0.10856
modified_membrane	trace_0122	0.11209
modified_membrane	trace_0123	0.11241
modified_membrane	trace_0124	0.11273
modified_membrane	trace_0125	0.11305
modified_membrane	trace_0126	0.11434
modified_membrane	trace_0127	0.11466
modified_membrane	trace_0128	0.11755
modified_membrane	trace_0129	0.11787
modified_membrane	trace_0130	0.11819
modified_membrane	trace_0131	0.12141
modified_membrane	trace_0132	0.12173
modified_membrane	trace_0133	0.12398
modified_membrane	trace_0134	0.12462
modified_membrane	trace_0135	0.12558
modified_membrane	trace_0136	0.12623
modified_membrane	trace_0137	0.12783
modified_membrane	trace_0138	0.12944
modified_membrane	trace_0139	0.13072
modified_membrane	trace_0140	0.13137
modified_membrane	trace_0141	0.1349
modified_membrane	trace_0142	0.13554
modified_membrane	trace_0143	0.13843
modified_membrane	trace_0144	0.13875
modified_membrane	trace_0145	0.14036
modified_membrane	trace_0146	0.141
modified_membrane	trace_0147	0.14357
modified_membrane	trace_0148	0.14422
modified_membrane	trace_0149	0.14454
modified_membrane	trace_0150	0.14711
modified_membrane	trace_0151	0.14775
modified_membrane	trace_0152	0.15032
modified_membrane	trace_0153	0.15546
modified_membrane	trace_0154	0.15642
modified_membrane	trace_0155	0.15642
modified_membrane	trace_0156	0.15964
modified_membrane	trace_0157	0.16317
modified_membrane	trace_0158	0.16349
modified_membrane	trace_0159	0.1667
modified_membrane	trace_0160	0.1712
modified_membrane	trace_0161	0.17345
modified_membrane	trace_0162	0.17377
modified_membrane	trace_0163	0.17474
modified_membrane	trace_0164	0.18052
modified_membrane	trace_0165	0.18469
modified_membrane	trace_0166	0.18534
modified_membrane	trace_0167	0.18759
modified_membrane	trace_0168	0.18887
modified_membrane	trace_0169	0.18919
modified_membrane	trace_0170	0.18951
modified_membrane	trace_0171	0.18983
modified_membrane	trace_0172	0.19016
modified_membrane	trace_0173	0.19305
modified_membrane	trace_0174	0.19658
modified_membrane	trace_0175	0.1969
modified_membrane	trace_0176	0.19979
modified_membrane	trace_0177	0.2075
modified_membrane	trace_0178	0.2104
modified_membrane	trace_0179	0.21297
modified_membrane	trace_0180	0.21425
modified_membrane	trace_0181	0.21618
modified_membrane	trace_0182	0.22067
modified_membrane	trace_0183	0.25023
modified_membrane	trace_0184	0.26854
modified_membrane	trace_0185	0.29167
modified_membrane	trace_0186	0.29585
modified_membrane	trace_0187	0.30581
modified_membrane	trace_0188	0.30838
modified_membrane	trace_0189	0.30966
modified_membrane	trace_0190	0.31223
modified_membrane	trace_0191	0.31255
modified_membrane	trace_0192	0.31319
modified_membrane	trace_0193	0.32444
modified_membrane	trace_0194	0.32476
modified_membrane	trace_0195	0.33632
modified_membrane	trace_0196	0.33697
modified_membrane	trace_0197	0.34307
modified_membrane	trace_0198	0.34339
modified_membrane	trace_0199	0.36684
modified_membrane	trace_0200	0.39768
modified_membrane	trace_0201	0.40218
modified_membrane	trace_0202	0.41567
modified_membrane	trace_0203	0.42916
modified_membrane	trace_0204	0.44876
modified_membrane	trace_0205	0.45454
modified_membrane	trace_0206	0.48088
modified_membrane	trace_0207	0.49213
modified_membrane	trace_0208	0.49245
modified_membrane	trace_0209	0.50273
modified_membrane	trace_0210	0.52554
modified_membrane	trace_0211	0.53614
modified_membrane	trace_0212	0.53935
modified_membrane	trace_0213	0.55092
modified_membrane	trace_0214	0.55638
modified_membrane	trace_0215	0.63669
modified_membrane	trace_0216	0.63829
modified_membrane	trace_0217	0.64793
modified_membrane	trace_0218	0.6489
modified_membrane	trace_0219	0.69355
modified_membrane	trace_0220	0.71315
modified_membrane	trace_0221	0.71315
modified_membrane	trace_0222	0.74655
modified_membrane	trace_0223	0.74688
modified_membrane	trace_0224	0.8002
modified_membrane	trace_0225	0.81241
modified_membrane	trace_0226	0.82558
modified_membrane	trace_0227	0.86188
modified_membrane	trace_0228	0.88597
modified_membrane	trace_0229	0.91039
modified_membrane	trace_0230	0.91585
modified_membrane	trace_0231	0.93577
modified_membrane	trace_0232	0.96565
modified_membrane	trace_0233	1.02411
modified_membrane	trace_0234	1.05238
modified_membrane	trace_0235	1.05817
modified_membrane	trace_0236	1.05848
modified_membrane	trace_0237	1.08065
modified_membrane	trace_0238	1.13109
modified_membrane	trace_0239	1.29782
modified_membrane	trace_0240	1.37943
modified_membrane	trace_0241	1.39258
modified_membrane	trace_0242	1.40446
modified_membrane	trace_0243	1.47515
modified_membrane	trace_0244	1.50021
modified_membrane	trace_0245	1.50373
modified_membrane	trace_0246	1.55224
modified_membrane	trace_0247	1.58597
modified_membrane	trace_0248	1.72024
modified_membrane	trace_0249	1.73021
modified_membrane	trace_0250	1.84812
modified_membrane	trace_0251	1.87702
modified_membrane	trace_0252	1.93227
modified_membrane	trace_0253	1.93743
modified_membrane	trace_0254	1.97468
modified_membrane	trace_0255	1.99171
modified_membrane	trace_0256	2.00938
modified_membrane	trace_0257	2.12568
modified_membrane	trace_0258	2.24582
modified_membrane	trace_0259	2.2802
modified_membrane	trace_0260	2.31425
modified_membrane	trace_0261	2.35182
modified_membrane	trace_0262	2.37111
modified_membrane	trace_0263	2.37271
modified_membrane	trace_0264	2.41318
modified_membrane	trace_0265	2.43342
modified_membrane	trace_0266	2.69814
modified_membrane	trace_0267	2.74375
modified_membrane	trace_0268	2.92365
modified_membrane	trace_0269	2.97056
modified_membrane	trace_0270	3.00332
modified_membrane	trace_0271	3.18387
modified_membrane	trace_0272	3.18997
modified_membrane	trace_0273	3.20892
modified_membrane	trace_0274	3.25165
modified_membrane	trace_0275	3.402
modified_membrane	trace_0276	3.46752
modified_membrane	trace_0277	3.59891
modified_membrane	trace_0278	3.59892
modified_membrane	trace_0279	3.76468
modified_membrane	trace_0280	3.79037
modified_membrane	trace_0281	3.84338
modified_membrane	trace_0282	3.8466
modified_membrane	trace_0283	3.92369
modified_membrane	trace_0284	4.03035
modified_membrane	trace_0285	4.09974
modified_membrane	trace_0286	4.17074
modified_membrane	trace_0287	4.23402
modified_membrane	trace_0288	4.58386
modified_membrane	trace_0289	4.73292
modified_membrane	trace_0290	4.80359
modified_membrane	trace_0291	4.80745
modified_membrane	trace_0292	4.86913
modified_membrane	trace_0293	5.49556
modified_membrane	trace_0294	5.58775
modified_membrane	trace_0295	5.61571
modified_membrane	trace_0296	5.723
modified_membrane	trace_0297	6.08923
modified_membrane	trace_0298	6.16921
modified_membrane	trace_0299	6.24985
modified_membrane	trace_0300	6.67648
modified_membrane	trace_0301	6.82488
modified_membrane	trace_0302	6.86503
modified_membrane	trace_0303	6.95369
modified_membrane	trace_0304	7.07449
modified_membrane	trace_0305	7.44908
modified_membrane	trace_0306	7.63089
modified_membrane	trace_0307	7.68196
modified_membrane	trace_0308	7.72406
modified_membrane	trace_0309	8.42567
modified_membrane	trace_0310	9.13596
modified_membrane	trace_0311	9.32611
modified_membrane	trace_0312	9.36273
modified_membrane	trace_0313	9.3631
modified_membrane	trace_0314	9.37752
modified_membrane	trace_0315	9.52263
modified_membrane	trace_0316	9.65477
modified_membrane	trace_0317	9.69039
modified_membrane	trace_0318	9.72957
modified_membrane	trace_0319	9.83338
modified_membrane	trace_0320	10.43957
modified_membrane	trace_0321	10.50027
modified_membrane	trace_0322	11.74931
modified_membrane	trace_0323	11.98411
modified_membrane	trace_0324	12.66485
modified_membrane	trace_0325	13.00348
modified_membrane	trace_0326	13.34971
modified_membrane	trace_0327	13.58641
modified_membrane	trace_0328	13.72656
modified_membrane	trace_0329	14.05074
modified_membrane	trace_0330	14.88951
modified_membrane	trace_0331	14.91586
modified_membrane	trace_0332	15.55122
modified_membrane	trace_0333	15.78636
modified_membrane	trace_0334	18.047
modified_membrane	trace_0335	18.24428
modified_membrane	trace_0336	19.25623
modified_membrane	trace_0337	20.07959
modified_membrane	trace_0338	21.17089
modified_membrane	trace_0339	21.58362
modified_membrane	trace_0340	21.60192
modified_membrane	trace_0341	22.32284
modified_membrane	trace_0342	22.81337
modified_membrane	trace_0343	23.29939
modified_membrane	trace_0344	23.94418
modified_membrane	trace_0345	25.0502
modified_membrane	trace_0346	25.85209
modified_membrane	trace_0347	26.27899
modified_membrane	trace_0348	26.47883
modified_membrane	trace_0349	26.65868
modified_membrane	trace_0350	26.74971
modified_membrane	trace_0351	27.47465
modified_membrane	trace_0352	27.53441
modified_membrane	trace_0353	28.19558
modified_membrane	trace_0354	29.75262
modified_membrane	trace_0355	31.92784
modified_membrane	trace_0356	32.31075
modified_membrane	trace_0357	33.94873
modified_membrane	trace_0358	34.01626
modified_membrane	trace_0359	34.58874
modified_membrane	trace_0360	34.87491
modified_membrane	trace_0361	35.66197
modified_membrane	trace_0362	36.49142
modified_membrane	trace_0363	37.00863
modified_membrane	trace_0364	40.3352
modified_membrane	trace_0365	40.66473
modified_membrane	trace_0366	40.99214
modified_membrane	trace_0367	42.60028
modified_membrane	trace_0368	43.38766
modified_membrane	trace_0369	43.5698
modified_membrane	trace_0370	43.79245
modified_membrane	trace_0371	46.19568
modified_membrane	trace_0372	46.59083
modified_membrane	trace_0373	46.96638
modified_membrane	trace_0374	47.69949
modified_membrane	trace_0375	48.28955
modified_membrane	trace_0376	48.61081
modified_membrane	trace_0377	49.26041
modified_membrane	trace_0378	49.97293
modified_membrane	trace_0379	51.00672
modified_membrane	trace_0380	51.27815
modified_membrane	trace_0381	55.5944
modified_membrane	trace_0382	58.41878
modified_membrane	trace_0383	60.53618
modified_membrane	trace_0384	64.00756
modified_membrane	trace_0385	70.80479
modified_membrane	trace_0386	71.34183
modified_membrane	trace_0387	71.598
modified_membrane	trace_0388	71.64006
modified_membrane	trace_0389	72.01494
modified_membrane	trace_0390	72.46698
modified_membrane	trace_0391	73.74716
modified_membrane	trace_0392	73.89522
modified_membrane	trace_0393	77.83503
modified_membrane	trace_0394	80.08148
modified_membrane	trace_0395	80.33304
modified_membrane	trace_0396	80.83769
modified_membrane	trace_0397	86.94303
modified_membrane	trace_0398	97.28881
modified_membrane	trace_0399	99.31004
modified_membrane	trace_0400	101.57158
modified_membrane	trace_0401	103.36239
modified_membrane	trace_0402	104.87027
modified_membrane	trace_0403	106.5252
modified_membrane	trace_0404	106.65796
modified_membrane	trace_0405	108.01314
modified_membrane	trace_0406	110.45215
modified_membrane	trace_0407	112.28528
modified_membrane	trace_0408	113.13198
modified_membrane	trace_0409	114.23865
modified_membrane	trace_0410	114.62267
modified_membrane	trace_0411	116.27796
modified_membrane	trace_0412	120.45088
modified_membrane	trace_0413	122.70383
modified_membrane	trace_0414	122.74227
modified_membrane	trace_0415	124.83341
modified_membrane	trace_0416	130.32888
modified_membrane	trace_0417	133.21478
modified_membrane	trace_0418	134.32309
modified_membrane	trace_0419	136.66312
modified_membrane	trace_0420	136.73176
modified_membrane	trace_0421	141.16594
modified_membrane	trace_0422	146.31141
modified_membrane	trace_0423	146.53041
modified_membrane	trace_0424	147.28699
modified_membrane	trace_0425	148.67078
modified_membrane	trace_0426	152.89467
modified_membrane	trace_0427	153.16878
modified_membrane	trace_0428	155.90846
modified_membrane	trace_0429	160.86288
modified_membrane	trace_0430	163.92509
modified_membrane	trace_0431	171.16194
modified_membrane	trace_0432	171.9812
modified_membrane	trace_0433	175.64067
modified_membrane	trace_0434	176.94109
modified_membrane	trace_0435	178.48962
modified_membrane	trace_0436	180.92488
modified_membrane	trace_0437	181.17331
modified_membrane	trace_0438	182.92846
modified_membrane	trace_0439	184.83825
modified_membrane	trace_0440	190.7372
modified_membrane	trace_0441	192.00067
modified_membrane	trace_0442	194.7352
modified_membrane	trace_0443	195.00404
modified_membrane	trace_0444	201.33773
modified_membrane	trace_0445	201.43688
modified_membrane	trace_0446	205.68562
modified_membrane	trace_0447	206.4212
modified_membrane	trace_0448	208.82162
modified_membrane	trace_0449	210.82141
modified_membrane	trace_0450	211.15888
modified_membrane	trace_0451	211.41425
modified_membrane	trace_0452	212.48615
modified_membrane	trace_0453	212.60078
modified_membrane	trace_0454	214.43531
modified_membrane	trace_0455	214.88478
modified_membrane	trace_0456	216.96088
modified_membrane	trace_0457	218.74152
modified_membrane	trace_0458	219.23688
modified_membrane	trace_0459	221.58067
modified_membrane	trace_0460	222.12552
modified_membrane	trace_0461	222.75215
modified_membrane	trace_0462	223.44615
modified_membrane	trace_0463	223.75941
modified_membrane	trace_0464	224.26594
modified_membrane	trace_0465	224.57194
modified_membrane	trace_0466	225.83152
modified_membrane	trace_0467	226.05846
modified_membrane	trace_0468	227.41773
modified_membrane	trace_0469	229.13446
modified_membrane	trace_0470	229.18373
modified_membrane	trace_0471	229.18741
modified_membrane	trace_0472	229.56867
modified_membrane	trace_0473	230.15236
modified_membrane	trace_0474	230.43288
modified_membrane	trace_0475	230.61109
modified_membrane	trace_0476	231.48099
modified_membrane	trace_0477	231.7972
modified_membrane	trace_0478	231.96836
modified_membrane	trace_0479	232.85046
modified_membrane	trace_0480	233.36657
modified_membrane	trace_0481	234.01067
modified_membrane	trace_0482	234.44888
modified_membrane	trace_0483	234.71615
modified_membrane	trace_0484	235.22762
modified_membrane	trace_0485	235.64909
modified_membrane	trace_0486	235.66257
modified_membrane	trace_0487	236.0272
modified_membrane	trace_0488	236.56383
modified_membrane	trace_0489	236.57709
modified_membrane	trace_0490	236.70499
modified_membrane	trace_0491	236.82888
modified_membrane	trace_0492	237.17204
modified_membrane	trace_0493	237.42899
modified_membrane	trace_0494	237.9052
modified_membrane	trace_0495	237.97931
modified_membrane	trace_0496	239.26836
modified_membrane	trace_0497	239.57699
modified_membrane	trace_0498	239.61067
modified_membrane	trace_0499	239.99699
modified_membrane	trace_0500	240.04583
modified_membrane	trace_0501	240.0932
modified_membrane	trace_0502	240.51952
modified_membrane	trace_0503	240.71667
modified_membrane	trace_0504	241.48183
modified_membrane	trace_0505	241.49994
modified_membrane	trace_0506	241.56752
modified_membrane	trace_0507	241.71762
modified_membrane	trace_0508	241.71994
modified_membrane	trace_0509	241.74825
modified_membrane	trace_0510	242.35415
modified_membrane	trace_0511	242.62109
modified_membrane	trace_0512	243.12278
modified_membrane	trace_0513	243.24973
modified_membrane	trace_0514	243.25131
modified_membrane	trace_0515	243.78741
modified_membrane	trace_0516	243.89383
modified_membrane	trace_0517	243.95478
modified_membrane	trace_0518	243.97394
modified_membrane	trace_0519	244.39478
modified_membrane	trace_0520	244.42415
modified_membrane	trace_0521	244.75909
modified_membrane	trace_0522	245.37088
modified_membrane	trace_0523	245.57983
modified_membrane	trace_0524	246.12583
modified_membrane	trace_0525	246.13625
modified_membrane	trace_0526	246.79331
modified_membrane	trace_0527	246.81509
modified_membrane	trace_0528	247.62404
modified_membrane	trace_0529	247.90678
modified_membrane	trace_0530	248.48583
modified_membrane	trace_0531	248.48657
modified_membrane	trace_0532	248.52467
modified_membrane	trace_0533	249.39773
modified_membrane	trace_0534	249.44709
modified_membrane	trace_0535	249.60004
modified_membrane	trace_0536	249.85509
modified_membrane	trace_0537	249.89341
modified_membrane	trace_0538	250.07488
modified_membrane	trace_0539	250.55236
modified_membrane	trace_0540	250.79773
modified_membrane	trace_0541	251.46141
modified_membrane	trace_0542	251.46583
modified_membrane	trace_0543	252.53973
modified_membrane	trace_0544	252.8152
modified_membrane	trace_0545	252.93825
modified_membrane	trace_0546	252.95973
modified_membrane	trace_0547	253.1932
modified_membrane	trace_0548	253.39225
modified_membrane	trace_0549	253.56825
modified_membrane	trace_0550	253.73825
modified_membrane	trace_0551	253.83909
modified_membrane	trace_0552	253.88373
modified_membrane	trace_0553	253.92373
modified_membrane	trace_0554	254.06867
modified_membrane	trace_0555	254.08362
modified_membrane	trace_0556	254.35299
modified_membrane	trace_0557	254.68309
modified_membrane	trace_0558	254.7792
modified_membrane	trace_0559	254.87952
modified_membrane	trace_0560	255.35952
modified_membrane	trace_0561	255.50604
modified_membrane	trace_0562	255.59152
modified_membrane	trace_0563	255.59773
modified_membrane	trace_0564	255.71857
modified_membrane	trace_0565	256.21594
modified_membrane	trace_0566	256.22152
modified_membrane	trace_0567	256.28709
modified_membrane	trace_0568	256.54752
modified_membrane	trace_0569	256.57141
modified_membrane	trace_0570	256.63194
modified_membrane	trace_0571	256.80836
modified_membrane	trace_0572	256.81699
modified_membrane	trace_0573	257.34836
modified_membrane	trace_0574	257.36004
modified_membrane	trace_0575	257.60383
modified_membrane	trace_0576	257.68467
modified_membrane	trace_0577	257.91731
modified_membrane	trace_0578	258.10941
modified_membrane	trace_0579	258.45709
modified_membrane	trace_0580	258.82225
modified_membrane	trace_0581	258.86183
modified_membrane	trace_0582	258.99688
modified_membrane	trace_0583	259.38615
modified_membrane	trace_0584	259.46025
modified_membrane	trace_0585	259.78373
modified_membrane	trace_0586	260.21699
modified_membrane	trace_0587	260.73057
modified_membrane	trace_0588	261.18257
modified_membrane	trace_0589	261.33909
modified_membrane	trace_0590	261.39015
modified_membrane	trace_0591	261.53373
modified_membrane	trace_0592	261.54878
modified_membrane	trace_0593	261.79246
modified_membrane	trace_0594	262.01057
modified_membrane	trace_0595	262.06109
modified_membrane	trace_0596	262.44825
modified_membrane	trace_0597	262.49941
modified_membrane	trace_0598	262.51088
modified_membrane	trace_0599	262.72173
modified_membrane	trace_0600	262.81615
modified_membrane	trace_0601	262.84709
modified_membrane	trace_0602	262.92215
modified_membrane	trace_0603	263.01731
modified_membrane	trace_0604	263.18604
modified_membrane	trace_0605	263.31078
modified_membrane	trace_0606	263.41488
modified_membrane	trace_0607	263.68531
modified_membrane	trace_0608	263.95183
modified_membrane	trace_0609	264.56983
modified_membrane	trace_0610	264.6192
modified_membrane	trace_0611	265.1572
modified_membrane	trace_0612	265.16878
modified_membrane	trace_0613	265.49499
modified_membrane	trace_0614	265.77088
modified_membrane	trace_0615	265.88783
modified_membrane	trace_0616	266.10488
modified_membrane	trace_0617	266.61352
modified_membrane	trace_0618	266.65383
modified_membrane	trace_0619	266.80204
modified_membrane	trace_0620	266.80415
modified_membrane	trace_0621	267.00267
modified_membrane	trace_0622	267.06267
modified_membrane	trace_0623	267.46857
modified_membrane	trace_0624	267.63509
modified_membrane	trace_0625	268.42899
modified_membrane	trace_0626	268.54531
modified_membrane	trace_0627	268.6452
modified_membrane	trace_0628	269.24141
modified_membrane	trace_0629	270.21499
modified_membrane	trace_0630	270.22446
modified_membrane	trace_0631	270.2272
modified_membrane	trace_0632	270.40204
modified_membrane	trace_0633	270.6032
modified_membrane	trace_0634	270.82531
modified_membrane	trace_0635	270.98815
modified_membrane	trace_0636	271.73699
modified_membrane	trace_0637	271.90888
modified_membrane	trace_0638	272.07309
modified_membrane	trace_0639	272.21373
modified_membrane	trace_0640	272.47173
modified_membrane	trace_0641	272.78773
modified_membrane	trace_0642	272.92415
modified_membrane	trace_0643	272.9572
modified_membrane	trace_0644	273.08615
modified_membrane	trace_0645	273.35825
modified_membrane	trace_0646	273.52573
modified_membrane	trace_0647	273.5792
modified_membrane	trace_0648	273.58583
modified_membrane	trace_0649	274.19531
modified_membrane	trace_0650	274.2052
modified_membrane	trace_0651	274.3352
modified_membrane	trace_0652	274.93088
modified_membrane	trace_0653	274.98709
modified_membrane	trace_0654	275.40657
modified_membrane	trace_0655	275.47046
modified_membrane	trace_0656	275.50583
modified_membrane	trace_0657	275.61309
modified_membrane	trace_0658	275.74236
modified_membrane	trace_0659	276.00867
modified_membrane	trace_0660	276.01804
modified_membrane	trace_0661	276.15804
modified_membrane	trace_0662	276.44741
modified_membrane	trace_0663	276.63352
modified_membrane	trace_0664	276.83899
modified_membrane	trace_0665	277.6232
modified_membrane	trace_0666	277.76731
modified_membrane	trace_0667	278.11183
modified_membrane	trace_0668	278.67962
modified_membrane	trace_0669	278.76709
modified_membrane	trace_0670	278.93941
modified_membrane	trace_0671	278.95604
modified_membrane	trace_0672	279.70667
modified_membrane	trace_0673	280.22162
modified_membrane	trace_0674	280.23857
modified_membrane	trace_0675	280.70025
modified_membrane	trace_0676	280.70204
modified_membrane	trace_0677	281.07794
modified_membrane	trace_0678	281.3252
modified_membrane	trace_0679	281.45762
modified_membrane	trace_0680	282.31373
modified_membrane	trace_0681	282.64941
modified_membrane	trace_0682	282.67931
modified_membrane	trace_0683	282.94941
modified_membrane	trace_0684	283.18615
modified_membrane	trace_0685	283.32709
modified_membrane	trace_0686	283.41025
modified_membrane	trace_0687	283.46794
modified_membrane	trace_0688	283.69636
modified_membrane	trace_0689	283.73573
modified_membrane	trace_0690	284.01699
modified_membrane	trace_0691	284.4872
modified_membrane	trace_0692	284.50141
modified_membrane	trace_0693	284.55383
modified_membrane	trace_0694	284.64131
modified_membrane	trace_0695	284.86794
modified_membrane	trace_0696	284.88278
modified_membrane	trace_0697	285.12594
modified_membrane	trace_0698	285.29888
modified_membrane	trace_0699	285.35562
modified_membrane	trace_0700	285.40057
modified_membrane	trace_0701	285.52078
modified_membrane	trace_0702	286.28373
modified_membrane	trace_0703	286.30857
modified_membrane	trace_0704	286.51815
modified_membrane	trace_0705	286.76278
modified_membrane	trace_0706	287.17678
modified_membrane	trace_0707	287.35131
modified_membrane	trace_0708	287.44152
modified_membrane	trace_0709	288.19352
modified_membrane	trace_0710	288.45636
modified_membrane	trace_0711	288.49225
modified_membrane	trace_0712	288.60225
modified_membrane	trace_0713	288.64994
modified_membrane	trace_0714	289.60404
modified_membrane	trace_0715	289.65183
modified_membrane	trace_0716	289.66562
modified_membrane	trace_0717	290.46152
modified_membrane	trace_0718	290.90941
modified_membrane	trace_0719	290.96994
modified_membrane	trace_0720	291.53583
modified_membrane	trace_0721	293.43815
modified_membrane	trace_0722	293.59109
modified_membrane	trace_0723	293.93015
modified_membrane	trace_0724	294.20509
modified_membrane	trace_0725	294.49088
modified_membrane	trace_0726	294.70962
modified_membrane	trace_0727	294.76688
modified_membrane	trace_0728	295.40215
modified_membrane	trace_0729	295.65783
modified_membrane	trace_0730	295.83573
modified_membrane	trace_0731	295.92499
modified_membrane	trace_0732	296.17573
modified_membrane	trace_0733	296.18678
modified_membrane	trace_0734	298.73952
modified_membrane	trace_0735	298.95973
modified_membrane	trace_0736	299.99131
modified_membrane	trace_0737	300.39457
modified_membrane	trace_0738	300.47499
modified_membrane	trace_0739	300.58562
modified_membrane	trace_0740	300.61309
modified_membrane	trace_0741	300.94836
modified_membrane	trace_0742	302.78646
modified_membrane	trace_0743	304.23552
modified_membrane	trace_0744	305.76246
modified_membrane	trace_0745	305.82888
modified_membrane	trace_0746	307.15415
modified_membrane	trace_0747	307.32909
modified_membrane	trace_0748	307.69436
modified_membrane	trace_0749	308.62352
modified_membrane	trace_0750	309.27552
modified_membrane	trace_0751	309.79352
modified_membrane	trace_0752	310.03446
modified_membrane	trace_0753	310.17446
modified_membrane	trace_0754	310.70983
modified_membrane	trace_0755	310.76773
modified_membrane	trace_0756	311.80246
modified_membrane	trace_0757	312.16404
modified_membrane	trace_0758	312.94931
modified_membrane	trace_0759	313.11773
modified_membrane	trace_0760	313.73783
modified_membrane	trace_0761	314.60804
modified_membrane	trace_0762	314.94067
modified_membrane	trace_0763	316.25267
modified_membrane	trace_0764	316.48099
modified_membrane	trace_0765	316.72636
modified_membrane	trace_0766	316.97888
modified_membrane	trace_0767	317.02467
modified_membrane	trace_0768	319.04994
modified_membrane	trace_0769	319.33604
modified_membrane	trace_0770	320.27846
modified_membrane	trace_0771	323.44499
modified_membrane	trace_0772	324.57204
modified_membrane	trace_0773	325.19952
modified_membrane	trace_0774	325.20973
modified_membrane	trace_0775	325.40057
modified_membrane	trace_0776	326.35162
modified_membrane	trace_0777	326.96931
modified_membrane	trace_0778	330.05362
modified_membrane	trace_0779	331.02962
modified_membrane	trace_0780	333.26825
modified_membrane	trace_0781	333.93699
modified_membrane	trace_0782	333.99131
modified_membrane	trace_0783	334.75752
modified_membrane	trace_0784	334.79078
modified_membrane	trace_0785	337.93973
modified_membrane	trace_0786	340.01341
modified_membrane	trace_0787	341.32531
modified_membrane	trace_0788	348.65667
modified_membrane	trace_0789	348.72962
modified_membrane	trace_0790	349.56204
modified_membrane	trace_0791	352.76962
modified_membrane	trace_0792	354.52836
modified_membrane	trace_0793	359.99046
modified_membrane	trace_0794	367.40699
modified_membrane	trace_0795	370.03236
modified_membrane	trace_0796	376.0652
modified_membrane	trace_0797	383.03604
modified_membrane	trace_0798	383.4172
modified_membrane	trace_0799	400.69531
modified_membrane	trace_0800	409.73109
modified_membrane	trace_0801	424.65404
modified_membrane	trace_0802	427.80352
modified_membrane	trace_0803	433.94994
modified_membrane	trace_0804	446.7792
modified_membrane	trace_0805	454.47531
modified_membrane	trace_0806	456.22183
reference_membrane	trace_0001	0.10364
reference_membrane	trace_0002	0.10809
reference_membrane	trace_0003	0.11063
reference_membrane	trace_0004	0.11127
reference_membrane	trace_0005	0.1119
reference_membrane	trace_0006	0.11254
reference_membrane	trace_0007	0.11444
reference_membrane	trace_0008	0.11889
reference_membrane	trace_0009	0.12207
reference_membrane	trace_0010	0.1297
reference_membrane	trace_0011	0.13224
reference_membrane	trace_0012	0.13352
reference_membrane	trace_0013	0.13542
reference_membrane	trace_0014	0.1367
reference_membrane	trace_0015	0.13733
reference_membrane	trace_0016	0.1386
reference_membrane	trace_0017	0.1386
reference_membrane	trace_0018	0.13988
reference_membrane	trace_0019	0.14115
reference_membrane	trace_0020	0.14178
reference_membrane	trace_0021	0.14242
reference_membrane	trace_0022	0.14242
reference_membrane	trace_0023	0.14496
reference_membrane	trace_0024	0.14623
reference_membrane	trace_0025	0.15132
reference_membrane	trace_0026	0.15259
reference_membrane	trace_0027	0.1545
reference_membrane	trace_0028	0.15577
reference_membrane	trace_0029	0.15577
reference_membrane	trace_0030	0.15831
reference_membrane	trace_0031	0.15831
reference_membrane	trace_0032	0.16022
reference_membrane	trace_0033	0.16022
reference_membrane	trace_0034	0.16277
reference_membrane	trace_0035	0.16531
reference_membrane	trace_0036	0.16722
reference_membrane	trace_0037	0.16849
reference_membrane	trace_0038	0.16976
reference_membrane	trace_0039	0.17103
reference_membrane	trace_0040	0.17421
reference_membrane	trace_0041	0.17866
reference_membrane	trace_0042	0.18184
reference_membrane	trace_0043	0.18756
reference_membrane	trace_0044	0.1882
reference_membrane	trace_0045	0.19265
reference_membrane	trace_0046	0.19328
reference_membrane	trace_0047	0.19455
reference_membrane	trace_0048	0.19773
reference_membrane	trace_0049	0.19837
reference_membrane	trace_0050	0.20155
reference_membrane	trace_0051	0.20409
reference_membrane	trace_0052	0.20727
reference_membrane	trace_0053	0.20854
reference_membrane	trace_0054	0.21427
reference_membrane	trace_0055	0.21808
reference_membrane	trace_0056	0.22762
reference_membrane	trace_0057	0.22953
reference_membrane	trace_0058	0.23143
reference_membrane	trace_0059	0.23143
reference_membrane	trace_0060	0.23588
reference_membrane	trace_0061	0.23715
reference_membrane	trace_0062	0.2397
reference_membrane	trace_0063	0.24606
reference_membrane	trace_0064	0.24923
reference_membrane	trace_0065	0.26132
reference_membrane	trace_0066	0.26195
reference_membrane	trace_0067	0.26322
reference_membrane	trace_0068	0.26449
reference_membrane	trace_0069	0.27022
reference_membrane	trace_0070	0.27149
reference_membrane	trace_0071	0.2753
reference_membrane	trace_0072	0.27848
reference_membrane	trace_0073	0.27975
reference_membrane	trace_0074	0.28039
reference_membrane	trace_0075	0.28166
reference_membrane	trace_0076	0.28484
reference_membrane	trace_0077	0.28675
reference_membrane	trace_0078	0.28929
reference_membrane	trace_0079	0.29056
reference_membrane	trace_0080	0.3001
reference_membrane	trace_0081	0.30519
reference_membrane	trace_0082	0.31536
reference_membrane	trace_0083	0.31536
reference_membrane	trace_0084	0.3179
reference_membrane	trace_0085	0.32172
reference_membrane	trace_0086	0.32871
reference_membrane	trace_0087	0.32934
reference_membrane	trace_0088	0.33698
reference_membrane	trace_0089	0.3427
reference_membrane	trace_0090	0.34461
reference_membrane	trace_0091	0.35287
reference_membrane	trace_0092	0.36622
reference_membrane	trace_0093	0.37194
reference_membrane	trace_0094	0.37576
reference_membrane	trace_0095	0.3764
reference_membrane	trace_0096	0.38466
reference_membrane	trace_0097	0.40183
reference_membrane	trace_0098	0.40564
reference_membrane	trace_0099	0.412
reference_membrane	trace_0100	0.41327
reference_membrane	trace_0101	0.41581
reference_membrane	trace_0102	0.42217
reference_membrane	trace_0103	0.42535
reference_membrane	trace_0104	0.42726
reference_membrane	trace_0105	0.43171
reference_membrane	trace_0106	0.43235
reference_membrane	trace_0107	0.43362
reference_membrane	trace_0108	0.43425
reference_membrane	trace_0109	0.44442
reference_membrane	trace_0110	0.4476
reference_membrane	trace_0111	0.45523
reference_membrane	trace_0112	0.46286
reference_membrane	trace_0113	0.47177
reference_membrane	trace_0114	0.47749
reference_membrane	trace_0115	0.47939
reference_membrane	trace_0116	0.49656
reference_membrane	trace_0117	0.50355
reference_membrane	trace_0118	0.515
reference_membrane	trace_0119	0.51564
reference_membrane	trace_0120	0.52326
reference_membrane	trace_0121	0.52517
reference_membrane	trace_0122	0.52835
reference_membrane	trace_0123	0.53979
reference_membrane	trace_0124	0.5398
reference_membrane	trace_0125	0.54043
reference_membrane	trace_0126	0.54234
reference_membrane	trace_0127	0.56078
reference_membrane	trace_0128	0.56777
reference_membrane	trace_0129	0.57159
reference_membrane	trace_0130	0.57413
reference_membrane	trace_0131	0.57921
reference_membrane	trace_0132	0.60846
reference_membrane	trace_0133	0.61863
reference_membrane	trace_0134	0.62817
reference_membrane	trace_0135	0.63644
reference_membrane	trace_0136	0.64089
reference_membrane	trace_0137	0.65551
reference_membrane	trace_0138	0.66123
reference_membrane	trace_0139	0.66378
reference_membrane	trace_0140	0.66886
reference_membrane	trace_0141	0.67649
reference_membrane	trace_0142	0.6784
reference_membrane	trace_0143	0.67903
reference_membrane	trace_0144	0.68794
reference_membrane	trace_0145	0.69557
reference_membrane	trace_0146	0.70892
reference_membrane	trace_0147	0.71019
reference_membrane	trace_0148	0.71083
reference_membrane	trace_0149	0.71146
reference_membrane	trace_0150	0.71337
reference_membrane	trace_0151	0.721
reference_membrane	trace_0152	0.72481
reference_membrane	trace_0153	0.73054
reference_membrane	trace_0154	0.74262
reference_membrane	trace_0155	0.7458
reference_membrane	trace_0156	0.74643
reference_membrane	trace_0157	0.75597
reference_membrane	trace_0158	0.7566
reference_membrane	trace_0159	0.76741
reference_membrane	trace_0160	0.76868
reference_membrane	trace_0161	0.78204
reference_membrane	trace_0162	0.78331
reference_membrane	trace_0163	0.78394
reference_membrane	trace_0164	0.78458
reference_membrane	trace_0165	0.81319
reference_membrane	trace_0166	0.81574
reference_membrane	trace_0167	0.82908
reference_membrane	trace_0168	0.83163
reference_membrane	trace_0169	0.83163
reference_membrane	trace_0170	0.83544
reference_membrane	trace_0171	0.84562
reference_membrane	trace_0172	0.84943
reference_membrane	trace_0173	0.86787
reference_membrane	trace_0174	0.87168
reference_membrane	trace_0175	0.87486
reference_membrane	trace_0176	0.88758
reference_membrane	trace_0177	0.88885
reference_membrane	trace_0178	0.89775
reference_membrane	trace_0179	0.9003
reference_membrane	trace_0180	0.91746
reference_membrane	trace_0181	0.93526
reference_membrane	trace_0182	0.93781
reference_membrane	trace_0183	0.94099
reference_membrane	trace_0184	0.95943
reference_membrane	trace_0185	0.96705
reference_membrane	trace_0186	0.98676
reference_membrane	trace_0187	0.98803
reference_membrane	trace_0188	0.99693
reference_membrane	trace_0189	1.00075
reference_membrane	trace_0190	1.00901
reference_membrane	trace_0191	1.02173
reference_membrane	trace_0192	1.02682
reference_membrane	trace_0193	1.03127
reference_membrane	trace_0194	1.04144
reference_membrane	trace_0195	1.04145
reference_membrane	trace_0196	1.08277
reference_membrane	trace_0197	1.08467
reference_membrane	trace_0198	1.0885
reference_membrane	trace_0199	1.09358
reference_membrane	trace_0200	1.0942
reference_membrane	trace_0201	1.11455
reference_membrane	trace_0202	1.12091
reference_membrane	trace_0203	1.12346
reference_membrane	trace_0204	1.13809
reference_membrane	trace_0205	1.14063
reference_membrane	trace_0206	1.15017
reference_membrane	trace_0207	1.15271
reference_membrane	trace_0208	1.15588
reference_membrane	trace_0209	1.15843
reference_membrane	trace_0210	1.18704
reference_membrane	trace_0211	1.20294
reference_membrane	trace_0212	1.21629
reference_membrane	trace_0213	1.22328
reference_membrane	trace_0214	1.22519
reference_membrane	trace_0215	1.2379
reference_membrane	trace_0216	1.24808
reference_membrane	trace_0217	1.25317
reference_membrane	trace_0218	1.2557
reference_membrane	trace_0219	1.25762
reference_membrane	trace_0220	1.25826
reference_membrane	trace_0221	1.25953
reference_membrane	trace_0222	1.27542
reference_membrane	trace_0223	1.28305
reference_membrane	trace_0224	1.28813
reference_membrane	trace_0225	1.28941
reference_membrane	trace_0226	1.31993
reference_membrane	trace_0227	1.3231
reference_membrane	trace_0228	1.32437
reference_membrane	trace_0229	1.33455
reference_membrane	trace_0230	1.33836
reference_membrane	trace_0231	1.35617
reference_membrane	trace_0232	1.36316
reference_membrane	trace_0233	1.36506
reference_membrane	trace_0234	1.36952
reference_membrane	trace_0235	1.37333
reference_membrane	trace_0236	1.3816
reference_membrane	trace_0237	1.42165
reference_membrane	trace_0238	1.43056
reference_membrane	trace_0239	1.44772
reference_membrane	trace_0240	1.45344
reference_membrane	trace_0241	1.48523
reference_membrane	trace_0242	1.48715
reference_membrane	trace_0243	1.51513
reference_membrane	trace_0244	1.53546
reference_membrane	trace_0245	1.56344
reference_membrane	trace_0246	1.56725
reference_membrane	trace_0247	1.57616
reference_membrane	trace_0248	1.58442
reference_membrane	trace_0249	1.61939
reference_membrane	trace_0250	1.64928
reference_membrane	trace_0251	1.65753
reference_membrane	trace_0252	1.66198
reference_membrane	trace_0253	1.67279
reference_membrane	trace_0254	1.67343
reference_membrane	trace_0255	1.67724
reference_membrane	trace_0256	1.68105
reference_membrane	trace_0257	1.68742
reference_membrane	trace_0258	1.69951
reference_membrane	trace_0259	1.71221
reference_membrane	trace_0260	1.71603
reference_membrane	trace_0261	1.72493
reference_membrane	trace_0262	1.72557
reference_membrane	trace_0263	1.72684
reference_membrane	trace_0264	1.73828
reference_membrane	trace_0265	1.7529
reference_membrane	trace_0266	1.75482
reference_membrane	trace_0267	1.76372
reference_membrane	trace_0268	1.76626
reference_membrane	trace_0269	1.77389
reference_membrane	trace_0270	1.79869
reference_membrane	trace_0271	1.81585
reference_membrane	trace_0272	1.83047
reference_membrane	trace_0273	1.83238
reference_membrane	trace_0274	1.84001
reference_membrane	trace_0275	1.84574
reference_membrane	trace_0276	1.86227
reference_membrane	trace_0277	1.87753
reference_membrane	trace_0278	1.90231
reference_membrane	trace_0279	1.92204
reference_membrane	trace_0280	1.92266
reference_membrane	trace_0281	1.92965
reference_membrane	trace_0282	1.94174
reference_membrane	trace_0283	1.95318
reference_membrane	trace_0284	1.95319
reference_membrane	trace_0285	1.9748
reference_membrane	trace_0286	1.99069
reference_membrane	trace_0287	1.99133
reference_membrane	trace_0288	1.99515
reference_membrane	trace_0289	2.01041
reference_membrane	trace_0290	2.01168
reference_membrane	trace_0291	2.02503
reference_membrane	trace_0292	2.02567
reference_membrane	trace_0293	2.03329
reference_membrane	trace_0294	2.04156
reference_membrane	trace_0295	2.06255
reference_membrane	trace_0296	2.08162
reference_membrane	trace_0297	2.10705
reference_membrane	trace_0298	2.11277
reference_membrane	trace_0299	2.11277
reference_membrane	trace_0300	2.17253
reference_membrane	trace_0301	2.18907
reference_membrane	trace_0302	2.20623
reference_membrane	trace_0303	2.21068
reference_membrane	trace_0304	2.22277
reference_membrane	trace_0305	2.24692
reference_membrane	trace_0306	2.28062
reference_membrane	trace_0307	2.31559
reference_membrane	trace_0308	2.32449
reference_membrane	trace_0309	2.32958
reference_membrane	trace_0310	2.33594
reference_membrane	trace_0311	2.34802
reference_membrane	trace_0312	2.36836
reference_membrane	trace_0313	2.3709
reference_membrane	trace_0314	2.37409
reference_membrane	trace_0315	2.39634
reference_membrane	trace_0316	2.40652
reference_membrane	trace_0317	2.45165
reference_membrane	trace_0318	2.48407
reference_membrane	trace_0319	2.50252
reference_membrane	trace_0320	2.50888
reference_membrane	trace_0321	2.51015
reference_membrane	trace_0322	2.52096
reference_membrane	trace_0323	2.52287
reference_membrane	trace_0324	2.53305
reference_membrane	trace_0325	2.53685
reference_membrane	trace_0326	2.56737
reference_membrane	trace_0327	2.57373
reference_membrane	trace_0328	2.58008
reference_membrane	trace_0329	2.62396
reference_membrane	trace_0330	2.63858
reference_membrane	trace_0331	2.64112
reference_membrane	trace_0332	2.65511
reference_membrane	trace_0333	2.65765
reference_membrane	trace_0334	2.671
reference_membrane	trace_0335	2.68944
reference_membrane	trace_0336	2.69961
reference_membrane	trace_0337	2.70343
reference_membrane	trace_0338	2.71933
reference_membrane	trace_0339	2.72059
reference_membrane	trace_0340	2.72188
reference_membrane	trace_0341	2.73778
reference_membrane	trace_0342	2.79944
reference_membrane	trace_0343	2.80389
reference_membrane	trace_0344	2.80835
reference_membrane	trace_0345	2.81279
reference_membrane	trace_0346	2.81915
reference_membrane	trace_0347	2.83822
reference_membrane	trace_0348	2.86747
reference_membrane	trace_0349	2.86811
reference_membrane	trace_0350	2.89799
reference_membrane	trace_0351	2.91071
reference_membrane	trace_0352	2.9177
reference_membrane	trace_0353	2.93424
reference_membrane	trace_0354	2.9552
reference_membrane	trace_0355	3.00861
reference_membrane	trace_0356	3.01306
reference_membrane	trace_0357	3.02006
reference_membrane	trace_0358	3.05058
reference_membrane	trace_0359	3.09572
reference_membrane	trace_0360	3.10527
reference_membrane	trace_0361	3.1237
reference_membrane	trace_0362	3.17011
reference_membrane	trace_0363	3.1771
reference_membrane	trace_0364	3.18283
reference_membrane	trace_0365	3.22416
reference_membrane	trace_0366	3.24641
reference_membrane	trace_0367	3.24832
reference_membrane	trace_0368	3.303
reference_membrane	trace_0369	3.30617
reference_membrane	trace_0370	3.33988
reference_membrane	trace_0371	3.35196
reference_membrane	trace_0372	3.36911
reference_membrane	trace_0373	3.37167
reference_membrane	trace_0374	3.37611
reference_membrane	trace_0375	3.40664
reference_membrane	trace_0376	3.41617
reference_membrane	trace_0377	3.43842
reference_membrane	trace_0378	3.45368
reference_membrane	trace_0379	3.50454
reference_membrane	trace_0380	3.51218
reference_membrane	trace_0381	3.59483
reference_membrane	trace_0382	3.60754
reference_membrane	trace_0383	3.68002
reference_membrane	trace_0384	3.694
reference_membrane	trace_0385	3.71563
reference_membrane	trace_0386	3.74107
reference_membrane	trace_0387	3.82181
reference_membrane	trace_0388	3.88984
reference_membrane	trace_0389	3.94388
reference_membrane	trace_0390	3.94833
reference_membrane	trace_0391	3.97758
reference_membrane	trace_0392	3.99221
reference_membrane	trace_0393	4.02272
reference_membrane	trace_0394	4.03735
reference_membrane	trace_0395	4.09457
reference_membrane	trace_0396	4.26941
reference_membrane	trace_0397	4.33362
reference_membrane	trace_0398	4.3419
reference_membrane	trace_0399	4.39912
reference_membrane	trace_0400	4.41184
reference_membrane	trace_0401	4.43408
reference_membrane	trace_0402	4.53008
reference_membrane	trace_0403	4.59621
reference_membrane	trace_0404	4.59685
reference_membrane	trace_0405	4.72528
reference_membrane	trace_0406	4.85435
reference_membrane	trace_0407	4.8607
reference_membrane	trace_0408	4.89441
reference_membrane	trace_0409	4.9167
reference_membrane	trace_0410	4.95163
reference_membrane	trace_0411	4.9796
reference_membrane	trace_0412	4.99486
reference_membrane	trace_0413	5.01902
reference_membrane	trace_0414	5.10489
reference_membrane	trace_0415	5.14428
reference_membrane	trace_0416	5.18816
reference_membrane	trace_0417	5.19196
reference_membrane	trace_0418	5.25682
reference_membrane	trace_0419	5.29496
reference_membrane	trace_0420	5.33438
reference_membrane	trace_0421	5.44502
reference_membrane	trace_0422	5.54483
reference_membrane	trace_0423	5.90469
reference_membrane	trace_0424	5.93776
reference_membrane	trace_0425	6.0007
reference_membrane	trace_0426	6.03567
reference_membrane	trace_0427	6.10434
reference_membrane	trace_0428	6.26583
reference_membrane	trace_0429	6.48327
reference_membrane	trace_0430	6.53922
reference_membrane	trace_0431	6.55893
reference_membrane	trace_0432	6.57229
reference_membrane	trace_0433	6.64096
reference_membrane	trace_0434	6.6772
reference_membrane	trace_0435	6.81707
reference_membrane	trace_0436	6.84186
reference_membrane	trace_0437	7.11781
reference_membrane	trace_0438	7.18902
reference_membrane	trace_0439	7.45096
reference_membrane	trace_0440	7.8719
reference_membrane	trace_0441	8.2292
reference_membrane	trace_0442	8.63737
reference_membrane	trace_0443	8.64372
reference_membrane	trace_0444	9.26236
reference_membrane	trace_0445	9.32019
reference_membrane	trace_0446	9.4474
reference_membrane	trace_0447	9.53889
reference_membrane	trace_0448	9.544
reference_membrane	trace_0449	9.71443
reference_membrane	trace_0450	10.11049
reference_membrane	trace_0451	10.18429
reference_membrane	trace_0452	10.21926
reference_membrane	trace_0453	10.28087
reference_membrane	trace_0454	10.44173
reference_membrane	trace_0455	10.57658
reference_membrane	trace_0456	10.58614
reference_membrane	trace_0457	10.63826
reference_membrane	trace_0458	11.0815
reference_membrane	trace_0459	11.34083
reference_membrane	trace_0460	11.67908
reference_membrane	trace_0461	11.73375
reference_membrane	trace_0462	11.82654
reference_membrane	trace_0463	11.82725
reference_membrane	trace_0464	11.89767
reference_membrane	trace_0465	12.17879
reference_membrane	trace_0466	12.75548
reference_membrane	trace_0467	13.25332
reference_membrane	trace_0468	13.43773
reference_membrane	trace_0469	13.89483
reference_membrane	trace_0470	14.35575
reference_membrane	trace_0471	14.74673
reference_membrane	trace_0472	16.04573
reference_membrane	trace_0473	16.16465
reference_membrane	trace_0474	17.27979
reference_membrane	trace_0475	17.85967
reference_membrane	trace_0476	23.739
