wavelength_nm	response_level_1	response_level_2	response_level_3	response_level_4	response_level_5
179.31	0.024811	0.0071204	0.0013122	0.00046264	0.00020763
180.94	0.017839	0.005046	0.0012482	0.00048911	0.00022483
182.59	0.020902	0.0061197	0.0015424	0.00062245	0.00029103
184.27	0.013031	0.0040574	0.0013586	0.00056718	0.00026428
185.99	0.031955	0.0097711	0.0020885	0.00080561	0.00037375
187.73	0.038348	0.012239	0.0025296	0.0009596	0.00044894
189.51	0.043943	0.014423	0.0031154	0.0012235	0.00058107
191.33	0.050097	0.015842	0.0033868	0.0013432	0.00063893
193.18	0.028911	0.0089424	0.0028359	0.0011972	0.00055683
195.06	0.063411	0.02066	0.0046672	0.0019173	0.00092326
196.98	0.073993	0.024738	0.005654	0.0023625	0.0011534
198.95	0.057953	0.022084	0.0061432	0.0026501	0.0013006
200.95	0.078065	0.028266	0.0068076	0.0028532	0.0013988
202.99	0.078239	0.028782	0.0070462	0.0029566	0.0014399
205.07	0.11368	0.042444	0.0093758	0.0038841	0.0019127
207.19	0.10764	0.036288	0.0089385	0.0038783	0.0018936
209.36	0.098916	0.056853	0.0201	0.0071972	0.0036465
211.58	0.079541	0.058527	0.029637	0.011139	0.0053969
213.84	0.08081	0.061866	0.03365	0.013333	0.006506
216.15	0.064639	0.051407	0.030554	0.013722	0.0069842
218.52	0.10744	0.082868	0.04424	0.01668	0.0079551
220.93	0.085734	0.066066	0.037246	0.016071	0.008191
223.4	0.13782	0.10827	0.059311	0.022712	0.010915
225.93	0.088892	0.069241	0.041328	0.019556	0.010424
228.51	0.10403	0.081115	0.048197	0.022563	0.01208
231.15	0.086671	0.06974	0.04447	0.022782	0.012505
233.85	0.065381	0.051756	0.035235	0.021107	0.012975
236.62	0.083794	0.063474	0.040396	0.022832	0.013678
239.46	0.1363	0.077624	0.038118	0.020567	0.01288
242.36	0.14568	0.10947	0.063281	0.030872	0.017644
245.33	0.064276	0.057786	0.046721	0.03278	0.02181
248.38	0.068411	0.057074	0.041261	0.025612	0.015784
251.51	0.05957	0.051386	0.039479	0.027251	0.018623
254.71	0.097693	0.079379	0.057591	0.038236	0.025811
258.0	0.20966	0.16726	0.11843	0.076633	0.050349
261.37	0.13825	0.1098	0.082045	0.059791	0.044841
264.83	0.32239	0.28891	0.23523	0.17301	0.12355
268.39	0.31904	0.28351	0.22785	0.16534	0.11719
272.04	0.32165	0.26833	0.19972	0.13647	0.094155
275.79	0.37959	0.29802	0.20896	0.14037	0.10006
279.65	0.083497	0.075477	0.064604	0.053462	0.045027
283.62	0.56736	0.4385	0.29475	0.18591	0.12512
287.7	0.41326	0.36062	0.29061	0.22089	0.16841
291.9	0.69033	0.63821	0.55107	0.44161	0.34573
296.23	0.64349	0.58436	0.49424	0.39302	0.31042
298.92	0.56757	0.52455	0.45615	0.3764	0.30777
299.91	0.56678	0.50669	0.42031	0.32482	0.24594
300.91	0.54758	0.51612	0.46047	0.38479	0.313
301.91	0.59186	0.53422	0.44252	0.33767	0.25657
302.91	0.72745	0.68506	0.61038	0.51365	0.42601
303.91	0.77287	0.71136	0.61031	0.48197	0.36827
304.91	0.84166	0.78481	0.68697	0.56224	0.45127
305.91	0.72551	0.66155	0.56306	0.45135	0.35714
306.91	0.70435	0.65874	0.59465	0.51614	0.44007
307.91	0.76725	0.71834	0.63338	0.52543	0.43122
308.91	0.71066	0.65838	0.59216	0.51706	0.44859
309.91	0.71267	0.63228	0.53535	0.4414	0.36494
310.91	0.72898	0.7087	0.67493	0.62152	0.56216
311.91	0.79299	0.73157	0.6525	0.56196	0.47944
312.91	0.75144	0.70726	0.65124	0.58311	0.51877
313.91	0.78506	0.73311	0.66178	0.58108	0.50952
314.91	0.71746	0.67305	0.62766	0.57945	0.53183
315.91	0.75861	0.67402	0.58814	0.51375	0.45459
316.91	0.79966	0.74338	0.67929	0.61213	0.54968
317.91	0.81982	0.75657	0.68357	0.60732	0.54058
318.91	0.79399	0.73158	0.65602	0.57664	0.50742
319.91	0.87763	0.81568	0.73217	0.63505	0.54698
322.41	0.99696	0.889	0.7536	0.62443	0.52203
324.41	1.0675	0.9702	0.83611	0.68936	0.56664
326.41	1.2695	1.2159	1.1267	1.009	0.89051
329.91	1.238	1.1609	1.042	0.89923	0.77196
334.9	1.1371	1.0466	0.92907	0.79825	0.68359
339.9	1.1786	1.0778	0.94189	0.79966	0.68745
344.9	1.2684	1.177	1.0364	0.87566	0.74288
349.9	1.3273	1.2554	1.1302	0.96818	0.82315
354.9	1.3511	1.2734	1.1239	0.91188	0.72094
359.9	1.2878	1.1891	1.0293	0.84001	0.68332
364.9	1.4892	1.4203	1.3105	1.1688	1.0307
369.89	1.4048	1.3399	1.2335	1.0966	0.96977
374.89	1.3911	1.2937	1.1371	0.94007	0.77074
379.89	1.6077	1.5149	1.3191	1.0469	0.81921
384.89	1.4886	1.3138	1.0126	0.7007	0.50211
389.89	1.547	1.4409	1.2822	1.1108	0.96978
394.89	1.2197	1.0836	0.92811	0.78421	0.67589
399.89	1.8199	1.7843	1.704	1.5774	1.4395
404.89	1.8284	1.7957	1.7125	1.5741	1.4233
409.88	1.8601	1.8606	1.8242	1.7207	1.5788
414.88	1.9079	1.9012	1.8372	1.6669	1.45
419.88	1.8512	1.8383	1.784	1.66	1.514
424.88	1.7575	1.7198	1.673	1.6122	1.5429
429.88	1.5716	1.5074	1.4545	1.408	1.3642
434.88	1.795	1.782	1.7713	1.7516	1.7151
439.88	1.8313	1.8105	1.7886	1.7702	1.7514
444.88	1.9294	1.9398	1.9313	1.8954	1.8401
449.87	2.0086	2.0593	2.1145	2.1458	2.1415
454.87	1.9827	2.0264	2.0699	2.0841	2.0657
459.87	2.0057	2.0539	2.1032	2.1283	2.1185
464.87	2.0075	2.0558	2.0965	2.0926	2.0457
469.87	2.0101	2.0598	2.1007	2.0977	2.0497
474.87	2.0082	2.0657	2.1284	2.1701	2.1793
479.87	2.0062	2.0688	2.1438	2.2043	2.2348
484.86	1.9054	1.9494	1.9976	2.0313	2.0454
489.86	1.9474	1.9883	2.0333	2.0662	2.0777
494.86	1.9551	2.009	2.0782	2.1442	2.187
499.86	1.9063	1.9369	1.9623	1.9645	1.9455
504.86	1.9289	1.9727	2.0192	2.0463	2.0467
509.86	1.9214	1.9667	2.0157	2.0404	2.0312
514.86	1.8334	1.8501	1.8548	1.8293	1.7816
519.86	1.8333	1.8562	1.8765	1.8807	1.8716
524.85	1.8419	1.8674	1.8894	1.893	1.8799
529.85	1.885	1.9369	2.0014	2.0596	2.0926
534.85	1.8352	1.8714	1.9137	1.9424	1.9455
539.85	1.8417	1.8852	1.9394	1.9868	2.0104
544.85	1.8361	1.8865	1.9555	2.0281	2.0811
549.85	1.8251	1.8698	1.9184	1.9523	1.9637
554.85	1.8165	1.8637	1.9243	1.981	2.0168
559.84	1.7926	1.8364	1.8937	1.9507	1.9904
564.84	1.7926	1.8382	1.8956	1.949	1.9886
569.84	1.779	1.8248	1.8876	1.9598	2.0256
574.84	1.7761	1.8313	1.911	2.0041	2.0881
579.84	1.7598	1.812	1.8835	1.9633	2.0328
584.84	1.7424	1.7954	1.8757	1.9734	2.0627
589.84	1.7042	1.7482	1.8092	1.8768	1.933
594.84	1.7133	1.7659	1.8445	1.9409	2.0279
599.83	1.6906	1.7371	1.8067	1.8911	1.968
604.83	1.6809	1.7319	1.8107	1.9101	2.0006
609.83	1.6588	1.7031	1.7677	1.8429	1.9103
614.83	1.6214	1.6536	1.6971	1.7459	1.7851
619.83	1.6264	1.6692	1.7339	1.8118	1.8842
624.83	1.5985	1.6341	1.6855	1.7486	1.8076
629.83	1.5926	1.6327	1.6924	1.7632	1.8267
634.82	1.5791	1.618	1.6721	1.726	1.7584
639.82	1.5569	1.5962	1.6556	1.7301	1.8029
644.82	1.5389	1.5769	1.6335	1.7035	1.77
649.82	1.5241	1.5611	1.6176	1.6897	1.7611
654.82	1.4397	1.4776	1.5358	1.6076	1.6771
659.82	1.4967	1.5347	1.5934	1.6713	1.751
664.82	1.4874	1.5247	1.5796	1.6474	1.7139
669.82	1.4716	1.5084	1.5638	1.6349	1.7052
674.81	1.4567	1.493	1.547	1.6158	1.6841
679.81	1.4416	1.4774	1.5292	1.5924	1.6526
684.81	1.4245	1.4579	1.5079	1.5729	1.6399
689.81	1.4117	1.4468	1.499	1.5644	1.6288
694.81	1.3961	1.4298	1.4791	1.5395	1.5981
699.81	1.3788	1.4091	1.4514	1.502	1.5502
704.81	1.365	1.3959	1.44	1.4926	1.5437
709.8	1.3501	1.3805	1.4247	1.478	1.5278
714.8	1.3315	1.3587	1.3978	1.4426	1.4817
719.8	1.3138	1.3376	1.3709	1.4112	1.4515
724.8	1.3057	1.3338	1.3744	1.4251	1.4751
729.8	1.2881	1.3127	1.348	1.3928	1.441
734.8	1.2772	1.304	1.343	1.3917	1.4411
739.8	1.2556	1.2763	1.3065	1.3469	1.391
744.79	1.2474	1.2724	1.3102	1.358	1.4076
749.79	1.2327	1.2571	1.2947	1.3428	1.392
754.79	1.2223	1.2482	1.2872	1.3378	1.3884
759.79	1.2061	1.2297	1.2661	1.3126	1.3597
764.79	1.1916	1.2145	1.2506	1.2992	1.3514
769.79	1.1801	1.2032	1.24	1.2897	1.3431
774.79	1.1664	1.1888	1.224	1.2717	1.323
779.79	1.1561	1.18	1.2177	1.2698	1.3278
784.78	1.1416	1.1639	1.199	1.2477	1.3015
789.78	1.1304	1.1528	1.185	1.2238	1.2607
794.78	1.1134	1.1326	1.1605	1.1924	1.222
799.78	1.1055	1.1276	1.1602	1.2014	1.2444
804.78	1.092	1.1121	1.1414	1.1779	1.2156
809.78	1.0799	1.0996	1.1275	1.1604	1.1912
814.78	1.0695	1.0908	1.1222	1.159	1.1932
819.77	1.0471	1.0632	1.0857	1.1125	1.139
824.77	1.0439	1.0629	1.0913	1.1282	1.1668
829.77	1.0328	1.0515	1.0779	1.1091	1.1385
834.77	1.0178	1.0344	1.0592	1.0889	1.1175
839.77	1.0078	1.0249	1.0509	1.0843	1.1188
844.77	0.99535	1.011	1.034	1.0627	1.0931
849.77	0.97167	0.98417	1.0039	1.0309	1.0602
