dataset_path	index_0	index_1	value
CoefLeg_22.5eV	0	0	0
CoefLeg_22.5eV	0	1	1.0000199999999999
CoefLeg_22.5eV	0	2	0.0037790200000000001
CoefLeg_22.5eV	0	3	1.3212699999999999
CoefLeg_22.5eV	0	4	0.019105799999999999
CoefLeg_22.5eV	0	5	0
CoefLeg_22.5eV	0	6	0
CoefLeg_22.5eV	0	7	0
CoefLeg_22.5eV	0	8	0
CoefLeg_22.5eV	0	9	0
CoefLeg_22.5eV	0	10	0
CoefLeg_22.5eV	1	0	1
CoefLeg_22.5eV	1	1	0.16327800000000001
CoefLeg_22.5eV	1	2	0.0065455000000000001
CoefLeg_22.5eV	1	3	0.103644
CoefLeg_22.5eV	1	4	0.033092499999999997
CoefLeg_22.5eV	1	5	-0.0052039599999999997
CoefLeg_22.5eV	1	6	0.0115853
CoefLeg_22.5eV	1	7	0
CoefLeg_22.5eV	1	8	0
CoefLeg_22.5eV	1	9	0.91010800000000003
CoefLeg_22.5eV	1	10	0.0098685500000000002
CoefLeg_22.5eV	2	0	2
CoefLeg_22.5eV	2	1	0.307863
CoefLeg_22.5eV	2	2	0.0084504599999999999
CoefLeg_22.5eV	2	3	0.62966599999999995
CoefLeg_22.5eV	2	4	0.042723499999999998
CoefLeg_22.5eV	2	5	0.111098
CoefLeg_22.5eV	2	6	0.0086350799999999998
CoefLeg_22.5eV	2	7	0.053031500000000002
CoefLeg_22.5eV	2	8	0.0024587400000000001
CoefLeg_22.5eV	2	9	-0.026993199999999998
CoefLeg_22.5eV	2	10	0.0073554700000000002
CoefLeg_22.5eV	3	0	3
CoefLeg_22.5eV	3	1	0.16197500000000001
CoefLeg_22.5eV	3	2	0.0099994100000000002
CoefLeg_22.5eV	3	3	0.032598700000000001
CoefLeg_22.5eV	3	4	0.050554700000000001
CoefLeg_22.5eV	3	5	-0.011730000000000001
CoefLeg_22.5eV	3	6	0.0072243799999999999
CoefLeg_22.5eV	3	7	0.0052707800000000001
CoefLeg_22.5eV	3	8	0.00130105
CoefLeg_22.5eV	3	9	0.12987899999999999
CoefLeg_22.5eV	3	10	0.0061538199999999999
CoefLeg_22.5eV	4	0	4
CoefLeg_22.5eV	4	1	0.54295599999999999
CoefLeg_22.5eV	4	2	0.011339699999999999
CoefLeg_22.5eV	4	3	2.0626899999999999
CoefLeg_22.5eV	4	4	0.057330600000000002
CoefLeg_22.5eV	4	5	0.230099
CoefLeg_22.5eV	4	6	0.0063448599999999999
CoefLeg_22.5eV	4	7	0.017884000000000001
CoefLeg_22.5eV	4	8	0.00085173400000000004
CoefLeg_22.5eV	4	9	0.056339300000000002
CoefLeg_22.5eV	4	10	0.0054046299999999997
CoefLeg_22.5eV	5	0	5
CoefLeg_22.5eV	5	1	0.204378
CoefLeg_22.5eV	5	2	0.0125389
CoefLeg_22.5eV	5	3	0.92405800000000005
CoefLeg_22.5eV	5	4	0.063393500000000005
CoefLeg_22.5eV	5	5	0.082393900000000006
CoefLeg_22.5eV	5	6	0.00572677
CoefLeg_22.5eV	5	7	0.0057795099999999999
CoefLeg_22.5eV	5	8	0.00061644
CoefLeg_22.5eV	5	9	-0.0063980199999999999
CoefLeg_22.5eV	5	10	0.0048781400000000004
CoefLeg_22.5eV	6	0	6
CoefLeg_22.5eV	6	1	0.023976600000000001
CoefLeg_22.5eV	6	2	0.0136349
CoefLeg_22.5eV	6	3	0.319745
CoefLeg_22.5eV	6	4	0.068934999999999996
CoefLeg_22.5eV	6	5	0.017547299999999998
CoefLeg_22.5eV	6	6	0.0052609199999999997
CoefLeg_22.5eV	6	7	0.00037320499999999999
CoefLeg_22.5eV	6	8	0.00047386100000000001
CoefLeg_22.5eV	6	9	0.00184973
CoefLeg_22.5eV	6	10	0.0044813199999999996
CoefLeg_22.5eV	7	0	7
CoefLeg_22.5eV	7	1	0.020136600000000001
CoefLeg_22.5eV	7	2	0.0146517
CoefLeg_22.5eV	7	3	0.060443499999999997
CoefLeg_22.5eV	7	4	0.074075600000000005
CoefLeg_22.5eV	7	5	0.0031897100000000001
CoefLeg_22.5eV	7	6	0.0048931199999999999
CoefLeg_22.5eV	7	7	0.00042462199999999999
CoefLeg_22.5eV	7	8	0.00037939199999999999
CoefLeg_22.5eV	7	9	-0.00032519899999999997
CoefLeg_22.5eV	7	10	0.0041680199999999997
CoefLeg_22.5eV	8	0	8
CoefLeg_22.5eV	8	1	-0.016053700000000001
CoefLeg_22.5eV	8	2	0.015605600000000001
CoefLeg_22.5eV	8	3	0.0469995
CoefLeg_22.5eV	8	4	0.078897999999999996
CoefLeg_22.5eV	8	5	0.0031397399999999998
CoefLeg_22.5eV	8	6	0.0045929100000000004
CoefLeg_22.5eV	8	7	-0.00050113899999999995
CoefLeg_22.5eV	8	8	0.000312854
CoefLeg_22.5eV	8	9	-0.0029964100000000001
CoefLeg_22.5eV	8	10	0.0039122999999999996
CoefLeg_23.25eV	0	0	0
CoefLeg_23.25eV	0	1	1.0000100000000001
CoefLeg_23.25eV	0	2	0.0028479
CoefLeg_23.25eV	0	3	1.0679700000000001
CoefLeg_23.25eV	0	4	0.0141067
CoefLeg_23.25eV	0	5	0
CoefLeg_23.25eV	0	6	0
CoefLeg_23.25eV	0	7	0
CoefLeg_23.25eV	0	8	0
CoefLeg_23.25eV	0	9	-0
CoefLeg_23.25eV	0	10	-0
CoefLeg_23.25eV	1	0	1
CoefLeg_23.25eV	1	1	0.058699899999999999
CoefLeg_23.25eV	1	2	0.0049327399999999997
CoefLeg_23.25eV	1	3	-0.181035
CoefLeg_23.25eV	1	4	0.0244336
CoefLeg_23.25eV	1	5	-0.050144399999999999
CoefLeg_23.25eV	1	6	0.0098431500000000002
CoefLeg_23.25eV	1	7	0
CoefLeg_23.25eV	1	8	0
CoefLeg_23.25eV	1	9	0.90684699999999996
CoefLeg_23.25eV	1	10	-0.0064539799999999998
CoefLeg_23.25eV	2	0	2
CoefLeg_23.25eV	2	1	0.188358
CoefLeg_23.25eV	2	2	0.0063683400000000001
CoefLeg_23.25eV	2	3	0.11087900000000001
CoefLeg_23.25eV	2	4	0.031544700000000002
CoefLeg_23.25eV	2	5	0.032012699999999998
CoefLeg_23.25eV	2	6	0.0073365399999999999
CoefLeg_23.25eV	2	7	0.042119799999999999
CoefLeg_23.25eV	2	8	0.0017996799999999999
CoefLeg_23.25eV	2	9	-0.083432099999999995
CoefLeg_23.25eV	2	10	-0.00481044
CoefLeg_23.25eV	3	0	3
CoefLeg_23.25eV	3	1	-0.013611699999999999
CoefLeg_23.25eV	3	2	0.0075356299999999998
CoefLeg_23.25eV	3	3	-0.41591099999999998
CoefLeg_23.25eV	3	4	0.037326699999999997
CoefLeg_23.25eV	3	5	-0.072155300000000006
CoefLeg_23.25eV	3	6	0.0061379800000000003
CoefLeg_23.25eV	3	7	0.00299811
CoefLeg_23.25eV	3	8	0.00095230200000000003
CoefLeg_23.25eV	3	9	0.109559
CoefLeg_23.25eV	3	10	-0.0040245599999999999
CoefLeg_23.25eV	4	0	4
CoefLeg_23.25eV	4	1	0.38439800000000002
CoefLeg_23.25eV	4	2	0.0085456600000000001
CoefLeg_23.25eV	4	3	1.6941200000000001
CoefLeg_23.25eV	4	4	0.042329699999999998
CoefLeg_23.25eV	4	5	0.230625
CoefLeg_23.25eV	4	6	0.0053907199999999999
CoefLeg_23.25eV	4	7	0.014645
CoefLeg_23.25eV	4	8	0.00062342799999999998
CoefLeg_23.25eV	4	9	0.047350799999999998
CoefLeg_23.25eV	4	10	-0.0035346000000000002
CoefLeg_23.25eV	5	0	5
CoefLeg_23.25eV	5	1	0.26527899999999999
CoefLeg_23.25eV	5	2	0.0094493800000000003
CoefLeg_23.25eV	5	3	1.1632100000000001
CoefLeg_23.25eV	5	4	0.046806199999999999
CoefLeg_23.25eV	5	5	0.127633
CoefLeg_23.25eV	5	6	0.0048655800000000004
CoefLeg_23.25eV	5	7	0.0048615799999999999
CoefLeg_23.25eV	5	8	0.00045120400000000003
CoefLeg_23.25eV	5	9	0.0155208
CoefLeg_23.25eV	5	10	-0.0031902800000000002
CoefLeg_23.25eV	6	0	6
CoefLeg_23.25eV	6	1	0.017947299999999999
CoefLeg_23.25eV	6	2	0.010275400000000001
CoefLeg_23.25eV	6	3	0.155698
CoefLeg_23.25eV	6	4	0.050897699999999997
CoefLeg_23.25eV	6	5	0.0086349300000000007
CoefLeg_23.25eV	6	6	0.0044697900000000004
CoefLeg_23.25eV	6	7	0.00096530300000000004
CoefLeg_23.25eV	6	8	0.000346843
CoefLeg_23.25eV	6	9	0.0080264099999999994
CoefLeg_23.25eV	6	10	-0.0029307600000000001
CoefLeg_23.25eV	7	0	7
CoefLeg_23.25eV	7	1	0.0044105500000000001
CoefLeg_23.25eV	7	2	0.0110416
CoefLeg_23.25eV	7	3	0.079836299999999999
CoefLeg_23.25eV	7	4	0.054693199999999997
CoefLeg_23.25eV	7	5	-0.00271638
CoefLeg_23.25eV	7	6	0.0041572900000000001
CoefLeg_23.25eV	7	7	-0.00046827499999999998
CoefLeg_23.25eV	7	8	0.00027769699999999998
CoefLeg_23.25eV	7	9	0.0031286600000000001
CoefLeg_23.25eV	7	10	-0.0027258600000000001
CoefLeg_23.25eV	8	0	8
CoefLeg_23.25eV	8	1	-0.0098902799999999996
CoefLeg_23.25eV	8	2	0.0117605
CoefLeg_23.25eV	8	3	0.0343667
CoefLeg_23.25eV	8	4	0.058253800000000001
CoefLeg_23.25eV	8	5	-0.0032669700000000001
CoefLeg_23.25eV	8	6	0.00390223
CoefLeg_23.25eV	8	7	0.000222115
CoefLeg_23.25eV	8	8	0.000228994
CoefLeg_23.25eV	8	9	-0.00136465
CoefLeg_23.25eV	8	10	-0.0025586200000000002
CoefLeg_24.8eV	0	0	0
CoefLeg_24.8eV	0	1	1.0000100000000001
CoefLeg_24.8eV	0	2	0.0033012699999999998
CoefLeg_24.8eV	0	3	0.34634700000000002
CoefLeg_24.8eV	0	4	0.017463699999999999
CoefLeg_24.8eV	0	5	0
CoefLeg_24.8eV	0	6	0
CoefLeg_24.8eV	0	7	0
CoefLeg_24.8eV	0	8	0
CoefLeg_24.8eV	0	9	0
CoefLeg_24.8eV	0	10	0
CoefLeg_24.8eV	1	0	1
CoefLeg_24.8eV	1	1	0.067810300000000004
CoefLeg_24.8eV	1	2	0.0057180199999999999
CoefLeg_24.8eV	1	3	0.069247699999999995
CoefLeg_24.8eV	1	4	0.030248199999999999
CoefLeg_24.8eV	1	5	-0.123846
CoefLeg_24.8eV	1	6	0.010726299999999999
CoefLeg_24.8eV	1	7	0
CoefLeg_24.8eV	1	8	0
CoefLeg_24.8eV	1	9	1.03983
CoefLeg_24.8eV	1	10	0.0080191399999999993
CoefLeg_24.8eV	2	0	2
CoefLeg_24.8eV	2	1	-0.00034734300000000001
CoefLeg_24.8eV	2	2	0.0073821599999999996
CoefLeg_24.8eV	2	3	0.043272999999999999
CoefLeg_24.8eV	2	4	0.039051500000000003
CoefLeg_24.8eV	2	5	0.072221400000000005
CoefLeg_24.8eV	2	6	0.0079948199999999997
CoefLeg_24.8eV	2	7	0.053621000000000002
CoefLeg_24.8eV	2	8	0.0021522400000000001
CoefLeg_24.8eV	2	9	-0.113397
CoefLeg_24.8eV	2	10	0.0059770200000000004
CoefLeg_24.8eV	3	0	3
CoefLeg_24.8eV	3	1	-0.053386500000000003
CoefLeg_24.8eV	3	2	0.0087352899999999997
CoefLeg_24.8eV	3	3	-0.51813699999999996
CoefLeg_24.8eV	3	4	0.046209600000000003
CoefLeg_24.8eV	3	5	-0.095636100000000002
CoefLeg_24.8eV	3	6	0.0066887200000000004
CoefLeg_24.8eV	3	7	-0.00057778799999999998
CoefLeg_24.8eV	3	8	0.00113886
CoefLeg_24.8eV	3	9	0.112155
CoefLeg_24.8eV	3	10	0.0050005600000000002
CoefLeg_24.8eV	4	0	4
CoefLeg_24.8eV	4	1	0.025458499999999998
CoefLeg_24.8eV	4	2	0.0099060999999999993
CoefLeg_24.8eV	4	3	0.86959900000000001
CoefLeg_24.8eV	4	4	0.052403199999999997
CoefLeg_24.8eV	4	5	0.16550500000000001
CoefLeg_24.8eV	4	6	0.00587441
CoefLeg_24.8eV	4	7	0.0132026
CoefLeg_24.8eV	4	8	0.00074555699999999999
CoefLeg_24.8eV	4	9	0.0142414
CoefLeg_24.8eV	4	10	0.0043917799999999996
CoefLeg_24.8eV	5	0	5
CoefLeg_24.8eV	5	1	0.32108900000000001
CoefLeg_24.8eV	5	2	0.0109537
CoefLeg_24.8eV	5	3	0.98530399999999996
CoefLeg_24.8eV	5	4	0.057944900000000001
CoefLeg_24.8eV	5	5	0.113662
CoefLeg_24.8eV	5	6	0.0053021600000000002
CoefLeg_24.8eV	5	7	0.0057601199999999997
CoefLeg_24.8eV	5	8	0.00053959400000000001
CoefLeg_24.8eV	5	9	-0.0211042
CoefLeg_24.8eV	5	10	0.0039639499999999999
CoefLeg_24.8eV	6	0	6
CoefLeg_24.8eV	6	1	0.13747200000000001
CoefLeg_24.8eV	6	2	0.0119112
CoefLeg_24.8eV	6	3	0.449492
CoefLeg_24.8eV	6	4	0.063010099999999999
CoefLeg_24.8eV	6	5	0.033500599999999998
CoefLeg_24.8eV	6	6	0.0048708500000000004
CoefLeg_24.8eV	6	7	0.00062156799999999997
CoefLeg_24.8eV	6	8	0.00041478899999999999
CoefLeg_24.8eV	6	9	0.0136226
CoefLeg_24.8eV	6	10	0.0036415000000000002
CoefLeg_24.8eV	7	0	7
CoefLeg_24.8eV	7	1	-0.0136008
CoefLeg_24.8eV	7	2	0.012799400000000001
CoefLeg_24.8eV	7	3	0.049440600000000001
CoefLeg_24.8eV	7	4	0.067708900000000002
CoefLeg_24.8eV	7	5	0.0066571800000000004
CoefLeg_24.8eV	7	6	0.00453032
CoefLeg_24.8eV	7	7	0.00019044999999999999
CoefLeg_24.8eV	7	8	0.000332097
CoefLeg_24.8eV	7	9	0.00087010799999999997
CoefLeg_24.8eV	7	10	0.0033869199999999999
CoefLeg_24.8eV	8	0	8
CoefLeg_24.8eV	8	1	-0.014282
CoefLeg_24.8eV	8	2	0.013632699999999999
CoefLeg_24.8eV	8	3	0.0244516
CoefLeg_24.8eV	8	4	0.072116899999999998
CoefLeg_24.8eV	8	5	-0.00071570900000000003
CoefLeg_24.8eV	8	6	0.0042523600000000002
CoefLeg_24.8eV	8	7	-0.00031861699999999999
CoefLeg_24.8eV	8	8	0.00027385400000000002
CoefLeg_24.8eV	8	9	-0.0017905499999999999
CoefLeg_24.8eV	8	10	0.0031791200000000001
CoefLeg_26.35eV	0	0	0
CoefLeg_26.35eV	0	1	1.0000100000000001
CoefLeg_26.35eV	0	2	0.0025767099999999999
CoefLeg_26.35eV	0	3	1.05409
CoefLeg_26.35eV	0	4	0.014508200000000001
CoefLeg_26.35eV	0	5	0
CoefLeg_26.35eV	0	6	0
CoefLeg_26.35eV	0	7	0
CoefLeg_26.35eV	0	8	0
CoefLeg_26.35eV	0	9	0
CoefLeg_26.35eV	0	10	0
CoefLeg_26.35eV	1	0	1
CoefLeg_26.35eV	1	1	0.0122142
CoefLeg_26.35eV	1	2	0.0044630199999999998
CoefLeg_26.35eV	1	3	-0.044564699999999999
CoefLeg_26.35eV	1	4	0.025129200000000001
CoefLeg_26.35eV	1	5	-0.095636499999999999
CoefLeg_26.35eV	1	6	0.0084918100000000007
CoefLeg_26.35eV	1	7	0
CoefLeg_26.35eV	1	8	0
CoefLeg_26.35eV	1	9	1.1939599999999999
CoefLeg_26.35eV	1	10	0.0057406499999999999
CoefLeg_26.35eV	2	0	2
CoefLeg_26.35eV	2	1	-0.122659
CoefLeg_26.35eV	2	2	0.0057619100000000003
CoefLeg_26.35eV	2	3	-0.37217099999999997
CoefLeg_26.35eV	2	4	0.032442699999999998
CoefLeg_26.35eV	2	5	-0.017192800000000001
CoefLeg_26.35eV	2	6	0.0063293300000000002
CoefLeg_26.35eV	2	7	0.047194300000000002
CoefLeg_26.35eV	2	8	0.0017597999999999999
CoefLeg_26.35eV	2	9	-0.095405599999999993
CoefLeg_26.35eV	2	10	0.0042787700000000003
CoefLeg_26.35eV	3	0	3
CoefLeg_26.35eV	3	1	-0.105782
CoefLeg_26.35eV	3	2	0.0068180599999999999
CoefLeg_26.35eV	3	3	-0.59482400000000002
CoefLeg_26.35eV	3	4	0.038389300000000001
CoefLeg_26.35eV	3	5	-0.096525299999999994
CoefLeg_26.35eV	3	6	0.0052953100000000001
CoefLeg_26.35eV	3	7	-0.0032983000000000001
CoefLeg_26.35eV	3	8	0.00093119600000000002
CoefLeg_26.35eV	3	9	0.096296699999999999
CoefLeg_26.35eV	3	10	0.00357975
CoefLeg_26.35eV	4	0	4
CoefLeg_26.35eV	4	1	-0.17854999999999999
CoefLeg_26.35eV	4	2	0.0077318999999999999
CoefLeg_26.35eV	4	3	0.39757399999999998
CoefLeg_26.35eV	4	4	0.043534700000000003
CoefLeg_26.35eV	4	5	0.11920799999999999
CoefLeg_26.35eV	4	6	0.0046506400000000002
CoefLeg_26.35eV	4	7	0.010041599999999999
CoefLeg_26.35eV	4	8	0.00060961100000000003
CoefLeg_26.35eV	4	9	0.00389588
CoefLeg_26.35eV	4	10	0.00314394
CoefLeg_26.35eV	5	0	5
CoefLeg_26.35eV	5	1	0.15773000000000001
CoefLeg_26.35eV	5	2	0.0085495699999999994
CoefLeg_26.35eV	5	3	0.78398999999999996
CoefLeg_26.35eV	5	4	0.048138599999999997
CoefLeg_26.35eV	5	5	0.084185999999999997
CoefLeg_26.35eV	5	6	0.0041976000000000001
CoefLeg_26.35eV	5	7	0.0034072199999999999
CoefLeg_26.35eV	5	8	0.000441204
CoefLeg_26.35eV	5	9	-0.090010599999999996
CoefLeg_26.35eV	5	10	0.00283767
CoefLeg_26.35eV	6	0	6
CoefLeg_26.35eV	6	1	0.347134
CoefLeg_26.35eV	6	2	0.0092969200000000002
CoefLeg_26.35eV	6	3	0.76632100000000003
CoefLeg_26.35eV	6	4	0.052346700000000003
CoefLeg_26.35eV	6	5	0.059674600000000001
CoefLeg_26.35eV	6	6	0.0038561400000000001
CoefLeg_26.35eV	6	7	0.000684941
CoefLeg_26.35eV	6	8	0.00033915600000000002
CoefLeg_26.35eV	6	9	-0.012993899999999999
CoefLeg_26.35eV	6	10	0.00260684
CoefLeg_26.35eV	7	0	7
CoefLeg_26.35eV	7	1	0.0189439
CoefLeg_26.35eV	7	2	0.0099902099999999994
CoefLeg_26.35eV	7	3	-0.012285900000000001
CoefLeg_26.35eV	7	4	0.0562502
CoefLeg_26.35eV	7	5	-0.0065991899999999996
CoefLeg_26.35eV	7	6	0.00358655
CoefLeg_26.35eV	7	7	0.00040835300000000003
CoefLeg_26.35eV	7	8	0.000271542
CoefLeg_26.35eV	7	9	0.0031799300000000001
CoefLeg_26.35eV	7	10	0.0024245899999999999
CoefLeg_26.35eV	8	0	8
CoefLeg_26.35eV	8	1	-0.013950300000000001
CoefLeg_26.35eV	8	2	0.0106406
CoefLeg_26.35eV	8	3	-0.069059700000000002
CoefLeg_26.35eV	8	4	0.059912199999999999
CoefLeg_26.35eV	8	5	-0.0064479799999999999
CoefLeg_26.35eV	8	6	0.0033665000000000001
CoefLeg_26.35eV	8	7	-0.00045377900000000002
CoefLeg_26.35eV	8	8	0.000223919
CoefLeg_26.35eV	8	9	0.0016845300000000001
CoefLeg_26.35eV	8	10	0.00227583
CoefLeg_27.9eV	0	0	0
CoefLeg_27.9eV	0	1	1.0000199999999999
CoefLeg_27.9eV	0	2	0.0042213399999999996
CoefLeg_27.9eV	0	3	1.43546
CoefLeg_27.9eV	0	4	0.020157000000000001
CoefLeg_27.9eV	0	5	0
CoefLeg_27.9eV	0	6	0
CoefLeg_27.9eV	0	7	0
CoefLeg_27.9eV	0	8	0
CoefLeg_27.9eV	0	9	0
CoefLeg_27.9eV	0	10	0
CoefLeg_27.9eV	1	0	1
CoefLeg_27.9eV	1	1	-0.166462
CoefLeg_27.9eV	1	2	0.0073116300000000004
CoefLeg_27.9eV	1	3	-0.45689600000000002
CoefLeg_27.9eV	1	4	0.034913300000000001
CoefLeg_27.9eV	1	5	0.026454800000000001
CoefLeg_27.9eV	1	6	0.0134214
CoefLeg_27.9eV	1	7	0
CoefLeg_27.9eV	1	8	0
CoefLeg_27.9eV	1	9	1.14225
CoefLeg_27.9eV	1	10	0.0094135399999999998
CoefLeg_27.9eV	2	0	2
CoefLeg_27.9eV	2	1	-0.071792900000000007
CoefLeg_27.9eV	2	2	0.0094395699999999996
CoefLeg_27.9eV	2	3	-0.41590500000000002
CoefLeg_27.9eV	2	4	0.045074299999999998
CoefLeg_27.9eV	2	5	-0.049104799999999997
CoefLeg_27.9eV	2	6	0.0100036
CoefLeg_27.9eV	2	7	0.021733100000000002
CoefLeg_27.9eV	2	8	0.0024554899999999998
CoefLeg_27.9eV	2	9	-0.0399406
CoefLeg_27.9eV	2	10	0.0070163300000000003
CoefLeg_27.9eV	3	0	3
CoefLeg_27.9eV	3	1	-0.21921399999999999
CoefLeg_27.9eV	3	2	0.011169800000000001
CoefLeg_27.9eV	3	3	-0.73651100000000003
CoefLeg_27.9eV	3	4	0.0533362
CoefLeg_27.9eV	3	5	-0.075478000000000003
CoefLeg_27.9eV	3	6	0.0083693199999999995
CoefLeg_27.9eV	3	7	-0.0025722200000000001
CoefLeg_27.9eV	3	8	0.0012993200000000001
CoefLeg_27.9eV	3	9	0.104986
CoefLeg_27.9eV	3	10	0.0058700799999999997
CoefLeg_27.9eV	4	0	4
CoefLeg_27.9eV	4	1	-0.131914
CoefLeg_27.9eV	4	2	0.0126669
CoefLeg_27.9eV	4	3	0.32668199999999997
CoefLeg_27.9eV	4	4	0.0604851
CoefLeg_27.9eV	4	5	0.112039
CoefLeg_27.9eV	4	6	0.0073504099999999999
CoefLeg_27.9eV	4	7	0.0111842
CoefLeg_27.9eV	4	8	0.00085060699999999997
CoefLeg_27.9eV	4	9	0.0046855000000000004
CoefLeg_27.9eV	4	10	0.0051554399999999998
CoefLeg_27.9eV	5	0	5
CoefLeg_27.9eV	5	1	-0.21879000000000001
CoefLeg_27.9eV	5	2	0.0140065
CoefLeg_27.9eV	5	3	-0.24957399999999999
CoefLeg_27.9eV	5	4	0.066881499999999997
CoefLeg_27.9eV	5	5	0.0113607
CoefLeg_27.9eV	5	6	0.0066343699999999997
CoefLeg_27.9eV	5	7	0.00190383
CoefLeg_27.9eV	5	8	0.00061562400000000005
CoefLeg_27.9eV	5	9	-0.10688400000000001
CoefLeg_27.9eV	5	10	0.0046532199999999996
CoefLeg_27.9eV	6	0	6
CoefLeg_27.9eV	6	1	0.52196200000000004
CoefLeg_27.9eV	6	2	0.0152309
CoefLeg_27.9eV	6	3	1.26067
CoefLeg_27.9eV	6	4	0.072727899999999998
CoefLeg_27.9eV	6	5	0.035231600000000002
CoefLeg_27.9eV	6	6	0.0060946899999999998
CoefLeg_27.9eV	6	7	0.00160826
CoefLeg_27.9eV	6	8	0.000473234
CoefLeg_27.9eV	6	9	-0.030517800000000001
CoefLeg_27.9eV	6	10	0.0042747000000000002
CoefLeg_27.9eV	7	0	7
CoefLeg_27.9eV	7	1	0.0092518700000000006
CoefLeg_27.9eV	7	2	0.016366700000000001
CoefLeg_27.9eV	7	3	0.019428399999999998
CoefLeg_27.9eV	7	4	0.078151300000000007
CoefLeg_27.9eV	7	5	-0.0065916600000000001
CoefLeg_27.9eV	7	6	0.0056686000000000002
CoefLeg_27.9eV	7	7	0.000181325
CoefLeg_27.9eV	7	8	0.00037889
CoefLeg_27.9eV	7	9	0.00744563
CoefLeg_27.9eV	7	10	0.0039758500000000004
CoefLeg_27.9eV	8	0	8
CoefLeg_27.9eV	8	1	-0.0414215
CoefLeg_27.9eV	8	2	0.017432099999999999
CoefLeg_27.9eV	8	3	0.0049879900000000003
CoefLeg_27.9eV	8	4	0.083239099999999996
CoefLeg_27.9eV	8	5	0.0017150799999999999
CoefLeg_27.9eV	8	6	0.0053208099999999996
CoefLeg_27.9eV	8	7	0.00016857999999999999
CoefLeg_27.9eV	8	8	0.000312441
CoefLeg_27.9eV	8	9	0.00082631000000000002
CoefLeg_27.9eV	8	10	0.0037319200000000001
CoefLeg_29.45eV	0	0	0
CoefLeg_29.45eV	0	1	1.00003
CoefLeg_29.45eV	0	2	0.0047328700000000001
CoefLeg_29.45eV	0	3	1.31538
CoefLeg_29.45eV	0	4	0.022009999999999998
CoefLeg_29.45eV	0	5	0
CoefLeg_29.45eV	0	6	0
CoefLeg_29.45eV	0	7	0
CoefLeg_29.45eV	0	8	0
CoefLeg_29.45eV	0	9	0
CoefLeg_29.45eV	0	10	0
CoefLeg_29.45eV	1	0	1
CoefLeg_29.45eV	1	1	-0.36091600000000001
CoefLeg_29.45eV	1	2	0.0081976299999999992
CoefLeg_29.45eV	1	3	-0.69490600000000002
CoefLeg_29.45eV	1	4	0.038122700000000002
CoefLeg_29.45eV	1	5	0.19412399999999999
CoefLeg_29.45eV	1	6	0.013393800000000001
CoefLeg_29.45eV	1	7	0
CoefLeg_29.45eV	1	8	0
CoefLeg_29.45eV	1	9	1.0838000000000001
CoefLeg_29.45eV	1	10	0.0104905
CoefLeg_29.45eV	2	0	2
CoefLeg_29.45eV	2	1	0.17661199999999999
CoefLeg_29.45eV	2	2	0.0105834
CoefLeg_29.45eV	2	3	-0.069308300000000003
CoefLeg_29.45eV	2	4	0.049217700000000003
CoefLeg_29.45eV	2	5	-0.057253600000000002
CoefLeg_29.45eV	2	6	0.0099830200000000004
CoefLeg_29.45eV	2	7	0.022950100000000001
CoefLeg_29.45eV	2	8	0.0026171499999999999
CoefLeg_29.45eV	2	9	0.0116227
CoefLeg_29.45eV	2	10	0.0078190699999999991
CoefLeg_29.45eV	3	0	3
CoefLeg_29.45eV	3	1	-0.44261699999999998
CoefLeg_29.45eV	3	2	0.012523299999999999
CoefLeg_29.45eV	3	3	-1.03268
CoefLeg_29.45eV	3	4	0.058239199999999998
CoefLeg_29.45eV	3	5	-0.089724100000000001
CoefLeg_29.45eV	3	6	0.0083521099999999994
CoefLeg_29.45eV	3	7	-0.00205792
CoefLeg_29.45eV	3	8	0.0013848700000000001
CoefLeg_29.45eV	3	9	0.13403399999999999
CoefLeg_29.45eV	3	10	0.0065416800000000002
CoefLeg_29.45eV	4	0	4
CoefLeg_29.45eV	4	1	0.13444900000000001
CoefLeg_29.45eV	4	2	0.0142019
CoefLeg_29.45eV	4	3	0.96636900000000003
CoefLeg_29.45eV	4	4	0.066045199999999998
CoefLeg_29.45eV	4	5	0.14034099999999999
CoefLeg_29.45eV	4	6	0.0073353000000000003
CoefLeg_29.45eV	4	7	0.0109433
CoefLeg_29.45eV	4	8	0.00090660800000000004
CoefLeg_29.45eV	4	9	0.00060379400000000005
CoefLeg_29.45eV	4	10	0.0057452700000000002
CoefLeg_29.45eV	5	0	5
CoefLeg_29.45eV	5	1	-0.64057699999999995
CoefLeg_29.45eV	5	2	0.015703700000000001
CoefLeg_29.45eV	5	3	-1.0587599999999999
CoefLeg_29.45eV	5	4	0.0730296
CoefLeg_29.45eV	5	5	-0.041997399999999997
CoefLeg_29.45eV	5	6	0.00662073
CoefLeg_29.45eV	5	7	-0.00013214100000000001
CoefLeg_29.45eV	5	8	0.00065615499999999995
CoefLeg_29.45eV	5	9	-0.091762099999999999
CoefLeg_29.45eV	5	10	0.0051856000000000003
CoefLeg_29.45eV	6	0	6
CoefLeg_29.45eV	6	1	0.54825400000000002
CoefLeg_29.45eV	6	2	0.017076500000000001
CoefLeg_29.45eV	6	3	1.3216600000000001
CoefLeg_29.45eV	6	4	0.079413499999999998
CoefLeg_29.45eV	6	5	0.032485399999999998
CoefLeg_29.45eV	6	6	0.0060821599999999996
CoefLeg_29.45eV	6	7	0.00062188
CoefLeg_29.45eV	6	8	0.00050438999999999996
CoefLeg_29.45eV	6	9	-0.062809599999999993
CoefLeg_29.45eV	6	10	0.0047637699999999996
CoefLeg_29.45eV	7	0	7
CoefLeg_29.45eV	7	1	0.019513699999999998
CoefLeg_29.45eV	7	2	0.018349899999999999
CoefLeg_29.45eV	7	3	-0.032114999999999998
CoefLeg_29.45eV	7	4	0.085335499999999995
CoefLeg_29.45eV	7	5	0.012549299999999999
CoefLeg_29.45eV	7	6	0.0056569400000000001
CoefLeg_29.45eV	7	7	-0.00025579500000000001
CoefLeg_29.45eV	7	8	0.00040383500000000001
CoefLeg_29.45eV	7	9	0.00064917499999999999
CoefLeg_29.45eV	7	10	0.00443072
CoefLeg_29.45eV	8	0	8
CoefLeg_29.45eV	8	1	-0.0081045000000000006
CoefLeg_29.45eV	8	2	0.019544499999999999
CoefLeg_29.45eV	8	3	0.081386500000000001
CoefLeg_29.45eV	8	4	0.090890899999999997
CoefLeg_29.45eV	8	5	-0.0072635399999999998
CoefLeg_29.45eV	8	6	0.0053098700000000004
CoefLeg_29.45eV	8	7	1.9765199999999998e-05
CoefLeg_29.45eV	8	8	0.00033301099999999997
CoefLeg_29.45eV	8	9	0.0086205199999999996
CoefLeg_29.45eV	8	10	0.0041588800000000002
CoefLeg_31.0eV	0	0	0
CoefLeg_31.0eV	0	1	1.00004
CoefLeg_31.0eV	0	2	0.0048069899999999997
CoefLeg_31.0eV	0	3	1.42947
CoefLeg_31.0eV	0	4	0.0248325
CoefLeg_31.0eV	0	5	0
CoefLeg_31.0eV	0	6	0
CoefLeg_31.0eV	0	7	0
CoefLeg_31.0eV	0	8	0
CoefLeg_31.0eV	0	9	0
CoefLeg_31.0eV	0	10	0
CoefLeg_31.0eV	1	0	1
CoefLeg_31.0eV	1	1	-0.51084399999999996
CoefLeg_31.0eV	1	2	0.0083260199999999999
CoefLeg_31.0eV	1	3	-1.12723
CoefLeg_31.0eV	1	4	0.043011500000000001
CoefLeg_31.0eV	1	5	0.299066
CoefLeg_31.0eV	1	6	0.013668400000000001
CoefLeg_31.0eV	1	7	0
CoefLeg_31.0eV	1	8	0
CoefLeg_31.0eV	1	9	0.95741500000000002
CoefLeg_31.0eV	1	10	0.0093009000000000008
CoefLeg_31.0eV	2	0	2
CoefLeg_31.0eV	2	1	0.48066999999999999
CoefLeg_31.0eV	2	2	0.0107492
CoefLeg_31.0eV	2	3	0.71894800000000003
CoefLeg_31.0eV	2	4	0.0555294
CoefLeg_31.0eV	2	5	-0.0126614
CoefLeg_31.0eV	2	6	0.010187699999999999
CoefLeg_31.0eV	2	7	0.031212
CoefLeg_31.0eV	2	8	0.0031369200000000001
CoefLeg_31.0eV	2	9	0.027125199999999999
CoefLeg_31.0eV	2	10	0.0069323800000000001
CoefLeg_31.0eV	3	0	3
CoefLeg_31.0eV	3	1	-0.65348300000000004
CoefLeg_31.0eV	3	2	0.0127195
CoefLeg_31.0eV	3	3	-1.63304
CoefLeg_31.0eV	3	4	0.065707699999999994
CoefLeg_31.0eV	3	5	-0.0865234
CoefLeg_31.0eV	3	6	0.0085233400000000008
CoefLeg_31.0eV	3	7	-0.0060292899999999996
CoefLeg_31.0eV	3	8	0.0016599
CoefLeg_31.0eV	3	9	0.18398999999999999
CoefLeg_31.0eV	3	10	0.0057998399999999997
CoefLeg_31.0eV	4	0	4
CoefLeg_31.0eV	4	1	0.36293700000000001
CoefLeg_31.0eV	4	2	0.014424299999999999
CoefLeg_31.0eV	4	3	1.6072200000000001
CoefLeg_31.0eV	4	4	0.074514700000000003
CoefLeg_31.0eV	4	5	0.156358
CoefLeg_31.0eV	4	6	0.0074856799999999998
CoefLeg_31.0eV	4	7	0.013143
CoefLeg_31.0eV	4	8	0.0010866599999999999
CoefLeg_31.0eV	4	9	-0.043701499999999997
CoefLeg_31.0eV	4	10	0.0050937500000000002
CoefLeg_31.0eV	5	0	5
CoefLeg_31.0eV	5	1	-0.87263599999999997
CoefLeg_31.0eV	5	2	0.015949700000000001
CoefLeg_31.0eV	5	3	-1.8897699999999999
CoefLeg_31.0eV	5	4	0.082394800000000004
CoefLeg_31.0eV	5	5	-0.073204199999999997
CoefLeg_31.0eV	5	6	0.0067564599999999997
CoefLeg_31.0eV	5	7	-0.000226815
CoefLeg_31.0eV	5	8	0.00078646800000000002
CoefLeg_31.0eV	5	9	-0.0037903099999999999
CoefLeg_31.0eV	5	10	0.0045975399999999998
CoefLeg_31.0eV	6	0	6
CoefLeg_31.0eV	6	1	0.48769299999999999
CoefLeg_31.0eV	6	2	0.017343899999999999
CoefLeg_31.0eV	6	3	1.24366
CoefLeg_31.0eV	6	4	0.089597300000000005
CoefLeg_31.0eV	6	5	0.011270000000000001
CoefLeg_31.0eV	6	6	0.0062068499999999999
CoefLeg_31.0eV	6	7	0.00078872999999999996
CoefLeg_31.0eV	6	8	0.00060456300000000002
CoefLeg_31.0eV	6	9	-0.099452499999999999
CoefLeg_31.0eV	6	10	0.0042235500000000004
CoefLeg_31.0eV	7	0	7
CoefLeg_31.0eV	7	1	0.083483299999999996
CoefLeg_31.0eV	7	2	0.018637299999999999
CoefLeg_31.0eV	7	3	0.19941200000000001
CoefLeg_31.0eV	7	4	0.096278799999999998
CoefLeg_31.0eV	7	5	0.0059144999999999996
CoefLeg_31.0eV	7	6	0.00577292
CoefLeg_31.0eV	7	7	0.00095383700000000002
CoefLeg_31.0eV	7	8	0.00048403699999999999
CoefLeg_31.0eV	7	9	0.0054990799999999999
CoefLeg_31.0eV	7	10	0.0039282700000000002
CoefLeg_31.0eV	8	0	8
CoefLeg_31.0eV	8	1	-0.0166912
CoefLeg_31.0eV	8	2	0.019850599999999999
CoefLeg_31.0eV	8	3	-0.0225151
CoefLeg_31.0eV	8	4	0.102547
CoefLeg_31.0eV	8	5	0.0095179300000000008
CoefLeg_31.0eV	8	6	0.0054187300000000001
CoefLeg_31.0eV	8	7	-0.00038624900000000002
CoefLeg_31.0eV	8	8	0.00039914699999999998
CoefLeg_31.0eV	8	9	0.00014226199999999999
CoefLeg_31.0eV	8	10	0.0036872599999999999
CoefLeg_32.55eV	0	0	0
CoefLeg_32.55eV	0	1	1.0000199999999999
CoefLeg_32.55eV	0	2	0.0046323800000000002
CoefLeg_32.55eV	0	3	1.2037
CoefLeg_32.55eV	0	4	0.023395699999999998
CoefLeg_32.55eV	0	5	0
CoefLeg_32.55eV	0	6	0
CoefLeg_32.55eV	0	7	0
CoefLeg_32.55eV	0	8	0
CoefLeg_32.55eV	0	9	0
CoefLeg_32.55eV	0	10	0
CoefLeg_32.55eV	1	0	1
CoefLeg_32.55eV	1	1	-0.53958700000000004
CoefLeg_32.55eV	1	2	0.0080235800000000006
CoefLeg_32.55eV	1	3	-1.0389999999999999
CoefLeg_32.55eV	1	4	0.040522799999999998
CoefLeg_32.55eV	1	5	0.26990999999999998
CoefLeg_32.55eV	1	6	0.0145922
CoefLeg_32.55eV	1	7	0
CoefLeg_32.55eV	1	8	0
CoefLeg_32.55eV	1	9	0.929867
CoefLeg_32.55eV	1	10	0.0120068
CoefLeg_32.55eV	2	0	2
CoefLeg_32.55eV	2	1	0.60538599999999998
CoefLeg_32.55eV	2	2	0.0103587
CoefLeg_32.55eV	2	3	1.0556700000000001
CoefLeg_32.55eV	2	4	0.052316399999999999
CoefLeg_32.55eV	2	5	0.059655
CoefLeg_32.55eV	2	6	0.010876200000000001
CoefLeg_32.55eV	2	7	0.052356
CoefLeg_32.55eV	2	8	0.0029164199999999999
CoefLeg_32.55eV	2	9	0.051785100000000001
CoefLeg_32.55eV	2	10	0.0089492400000000007
CoefLeg_32.55eV	3	0	3
CoefLeg_32.55eV	3	1	-0.62044200000000005
CoefLeg_32.55eV	3	2	0.0122574
CoefLeg_32.55eV	3	3	-1.5190999999999999
CoefLeg_32.55eV	3	4	0.061905799999999997
CoefLeg_32.55eV	3	5	-0.119883
CoefLeg_32.55eV	3	6	0.0090993700000000007
CoefLeg_32.55eV	3	7	-0.0064171200000000001
CoefLeg_32.55eV	3	8	0.00154323
CoefLeg_32.55eV	3	9	0.23788599999999999
CoefLeg_32.55eV	3	10	0.0074872100000000002
CoefLeg_32.55eV	4	0	4
CoefLeg_32.55eV	4	1	0.35125499999999998
CoefLeg_32.55eV	4	2	0.013900300000000001
CoefLeg_32.55eV	4	3	1.4828399999999999
CoefLeg_32.55eV	4	4	0.070203199999999993
CoefLeg_32.55eV	4	5	0.15926199999999999
CoefLeg_32.55eV	4	6	0.0079915799999999999
CoefLeg_32.55eV	4	7	0.0118362
CoefLeg_32.55eV	4	8	0.0010102799999999999
CoefLeg_32.55eV	4	9	-0.080337099999999995
CoefLeg_32.55eV	4	10	0.0065757000000000003
CoefLeg_32.55eV	5	0	5
CoefLeg_32.55eV	5	1	-0.64666800000000002
CoefLeg_32.55eV	5	2	0.0153703
CoefLeg_32.55eV	5	3	-1.4752000000000001
CoefLeg_32.55eV	5	4	0.077627399999999999
CoefLeg_32.55eV	5	5	-0.070138000000000006
CoefLeg_32.55eV	5	6	0.0072130800000000002
CoefLeg_32.55eV	5	7	0.00051126399999999999
CoefLeg_32.55eV	5	8	0.00073118499999999997
CoefLeg_32.55eV	5	9	0.065366199999999999
CoefLeg_32.55eV	5	10	0.0059351200000000003
CoefLeg_32.55eV	6	0	6
CoefLeg_32.55eV	6	1	0.209783
CoefLeg_32.55eV	6	2	0.0167139
CoefLeg_32.55eV	6	3	0.62793399999999999
CoefLeg_32.55eV	6	4	0.084413100000000005
CoefLeg_32.55eV	6	5	0.024106099999999998
CoefLeg_32.55eV	6	6	0.0066263299999999997
CoefLeg_32.55eV	6	7	0.0011033099999999999
CoefLeg_32.55eV	6	8	0.00056206699999999997
CoefLeg_32.55eV	6	9	-0.078721399999999997
CoefLeg_32.55eV	6	10	0.00545233
CoefLeg_32.55eV	7	0	7
CoefLeg_32.55eV	7	1	0.043749000000000003
CoefLeg_32.55eV	7	2	0.017960299999999998
CoefLeg_32.55eV	7	3	0.069206900000000002
CoefLeg_32.55eV	7	4	0.090707999999999997
CoefLeg_32.55eV	7	5	0.011184400000000001
CoefLeg_32.55eV	7	6	0.0061630699999999997
CoefLeg_32.55eV	7	7	0.00069852100000000002
CoefLeg_32.55eV	7	8	0.00045001299999999998
CoefLeg_32.55eV	7	9	0.00026982200000000002
CoefLeg_32.55eV	7	10	0.00507114
CoefLeg_32.55eV	8	0	8
CoefLeg_32.55eV	8	1	-0.012264000000000001
CoefLeg_32.55eV	8	2	0.019129500000000001
CoefLeg_32.55eV	8	3	0.038991900000000003
CoefLeg_32.55eV	8	4	0.096613199999999996
CoefLeg_32.55eV	8	5	-0.0084636899999999994
CoefLeg_32.55eV	8	6	0.0057849399999999997
CoefLeg_32.55eV	8	7	-0.00063151799999999997
CoefLeg_32.55eV	8	8	0.00037109000000000003
CoefLeg_32.55eV	8	9	0.0026325599999999999
CoefLeg_32.55eV	8	10	0.0047600100000000003
CoefLeg_34.1eV	0	0	0
CoefLeg_34.1eV	0	1	1.00003
CoefLeg_34.1eV	0	2	0.00559342
CoefLeg_34.1eV	0	3	1.14462
CoefLeg_34.1eV	0	4	0.0273745
CoefLeg_34.1eV	0	5	0
CoefLeg_34.1eV	0	6	0
CoefLeg_34.1eV	0	7	0
CoefLeg_34.1eV	0	8	0
CoefLeg_34.1eV	0	9	0
CoefLeg_34.1eV	0	10	0
CoefLeg_34.1eV	1	0	1
CoefLeg_34.1eV	1	1	-0.61954600000000004
CoefLeg_34.1eV	1	2	0.0096881599999999995
CoefLeg_34.1eV	1	3	-1.1257900000000001
CoefLeg_34.1eV	1	4	0.047414400000000002
CoefLeg_34.1eV	1	5	0.31934099999999999
CoefLeg_34.1eV	1	6	0.018257599999999999
CoefLeg_34.1eV	1	7	0
CoefLeg_34.1eV	1	8	0
CoefLeg_34.1eV	1	9	0.80623199999999995
CoefLeg_34.1eV	1	10	0.0118003
CoefLeg_34.1eV	2	0	2
CoefLeg_34.1eV	2	1	0.84698499999999999
CoefLeg_34.1eV	2	2	0.012507799999999999
CoefLeg_34.1eV	2	3	1.4359299999999999
CoefLeg_34.1eV	2	4	0.0612136
CoefLeg_34.1eV	2	5	0.060351599999999998
CoefLeg_34.1eV	2	6	0.013608200000000001
CoefLeg_34.1eV	2	7	0.053951100000000002
CoefLeg_34.1eV	2	8	0.0036425199999999998
CoefLeg_34.1eV	2	9	0.069508700000000007
CoefLeg_34.1eV	2	10	0.0087953000000000007
CoefLeg_34.1eV	3	0	3
CoefLeg_34.1eV	3	1	-0.81430400000000003
CoefLeg_34.1eV	3	2	0.0148004
CoefLeg_34.1eV	3	3	-1.93302
CoefLeg_34.1eV	3	4	0.072433899999999996
CoefLeg_34.1eV	3	5	-0.123226
CoefLeg_34.1eV	3	6	0.0113851
CoefLeg_34.1eV	3	7	-0.0066824500000000004
CoefLeg_34.1eV	3	8	0.0019274400000000001
CoefLeg_34.1eV	3	9	0.31629600000000002
CoefLeg_34.1eV	3	10	0.0073584200000000001
CoefLeg_34.1eV	4	0	4
CoefLeg_34.1eV	4	1	0.45809100000000003
CoefLeg_34.1eV	4	2	0.0167841
CoefLeg_34.1eV	4	3	1.8695999999999999
CoefLeg_34.1eV	4	4	0.082142400000000004
CoefLeg_34.1eV	4	5	0.15487300000000001
CoefLeg_34.1eV	4	6	0.0099990200000000008
CoefLeg_34.1eV	4	7	0.0156939
CoefLeg_34.1eV	4	8	0.0012618
CoefLeg_34.1eV	4	9	-0.134491
CoefLeg_34.1eV	4	10	0.0064625799999999999
CoefLeg_34.1eV	5	0	5
CoefLeg_34.1eV	5	1	-0.869699
CoefLeg_34.1eV	5	2	0.018559099999999999
CoefLeg_34.1eV	5	3	-1.9474199999999999
CoefLeg_34.1eV	5	4	0.090829199999999999
CoefLeg_34.1eV	5	5	-0.080875199999999994
CoefLeg_34.1eV	5	6	0.0090249600000000003
CoefLeg_34.1eV	5	7	-0.0029069299999999998
CoefLeg_34.1eV	5	8	0.00091322699999999996
CoefLeg_34.1eV	5	9	0.132546
CoefLeg_34.1eV	5	10	0.0058330300000000003
CoefLeg_34.1eV	6	0	6
CoefLeg_34.1eV	6	1	0.228855
CoefLeg_34.1eV	6	2	0.020181399999999999
CoefLeg_34.1eV	6	3	0.63652600000000004
CoefLeg_34.1eV	6	4	0.098768999999999996
CoefLeg_34.1eV	6	5	-0.0115485
CoefLeg_34.1eV	6	6	0.0082908200000000008
CoefLeg_34.1eV	6	7	0.00166073
CoefLeg_34.1eV	6	8	0.00070200299999999998
CoefLeg_34.1eV	6	9	-0.113978
CoefLeg_34.1eV	6	10	0.0053585400000000002
CoefLeg_34.1eV	7	0	7
CoefLeg_34.1eV	7	1	0.072183600000000001
CoefLeg_34.1eV	7	2	0.021686400000000002
CoefLeg_34.1eV	7	3	0.118741
CoefLeg_34.1eV	7	4	0.10613400000000001
CoefLeg_34.1eV	7	5	0.0189871
CoefLeg_34.1eV	7	6	0.0077111899999999997
CoefLeg_34.1eV	7	7	0.00036857900000000001
CoefLeg_34.1eV	7	8	0.00056205199999999995
CoefLeg_34.1eV	7	9	-0.0031637900000000001
CoefLeg_34.1eV	7	10	0.0049839100000000002
CoefLeg_34.1eV	8	0	8
CoefLeg_34.1eV	8	1	0.016222199999999999
CoefLeg_34.1eV	8	2	0.023098199999999999
CoefLeg_34.1eV	8	3	-0.021737099999999999
CoefLeg_34.1eV	8	4	0.11304400000000001
CoefLeg_34.1eV	8	5	-0.0101975
CoefLeg_34.1eV	8	6	0.00723808
CoefLeg_34.1eV	8	7	0.00025070499999999999
CoefLeg_34.1eV	8	8	0.00046348
CoefLeg_34.1eV	8	9	0.0031056600000000001
CoefLeg_34.1eV	8	10	0.00467813
CoefLeg_35.65eV	0	0	0
CoefLeg_35.65eV	0	1	1.0000199999999999
CoefLeg_35.65eV	0	2	0.00392422
CoefLeg_35.65eV	0	3	0.49819099999999999
CoefLeg_35.65eV	0	4	0.0170551
CoefLeg_35.65eV	0	5	0
CoefLeg_35.65eV	0	6	0
CoefLeg_35.65eV	0	7	0
CoefLeg_35.65eV	0	8	0
CoefLeg_35.65eV	0	9	0
CoefLeg_35.65eV	0	10	0
CoefLeg_35.65eV	1	0	1
CoefLeg_35.65eV	1	1	-0.66955500000000001
CoefLeg_35.65eV	1	2	0.0067970000000000001
CoefLeg_35.65eV	1	3	-0.68929099999999999
CoefLeg_35.65eV	1	4	0.0295406
CoefLeg_35.65eV	1	5	0.228801
CoefLeg_35.65eV	1	6	0.0132847
CoefLeg_35.65eV	1	7	0
CoefLeg_35.65eV	1	8	0
CoefLeg_35.65eV	1	9	0.87546100000000004
CoefLeg_35.65eV	1	10	0.010566300000000001
CoefLeg_35.65eV	2	0	2
CoefLeg_35.65eV	2	1	0.96089000000000002
CoefLeg_35.65eV	2	2	0.0087751500000000007
CoefLeg_35.65eV	2	3	1.13714
CoefLeg_35.65eV	2	4	0.038137900000000002
CoefLeg_35.65eV	2	5	0.18781500000000001
CoefLeg_35.65eV	2	6	0.0099017099999999993
CoefLeg_35.65eV	2	7	0.069378300000000004
CoefLeg_35.65eV	2	8	0.0022480199999999999
CoefLeg_35.65eV	2	9	0.069622199999999995
CoefLeg_35.65eV	2	10	0.0078755300000000004
CoefLeg_35.65eV	3	0	3
CoefLeg_35.65eV	3	1	-0.72421999999999997
CoefLeg_35.65eV	3	2	0.0103836
CoefLeg_35.65eV	3	3	-1.43479
CoefLeg_35.65eV	3	4	0.045128500000000002
CoefLeg_35.65eV	3	5	-0.168628
CoefLeg_35.65eV	3	6	0.0082840799999999992
CoefLeg_35.65eV	3	7	-0.0097360899999999993
CoefLeg_35.65eV	3	8	0.00118954
CoefLeg_35.65eV	3	9	0.37981599999999999
CoefLeg_35.65eV	3	10	0.0065889099999999999
CoefLeg_35.65eV	4	0	4
CoefLeg_35.65eV	4	1	0.34696100000000002
CoefLeg_35.65eV	4	2	0.0117754
CoefLeg_35.65eV	4	3	1.53203
CoefLeg_35.65eV	4	4	0.051177199999999999
CoefLeg_35.65eV	4	5	0.186639
CoefLeg_35.65eV	4	6	0.0072755500000000004
CoefLeg_35.65eV	4	7	0.0188433
CoefLeg_35.65eV	4	8	0.00077873799999999996
CoefLeg_35.65eV	4	9	-0.167545
CoefLeg_35.65eV	4	10	0.0057867600000000002
CoefLeg_35.65eV	5	0	5
CoefLeg_35.65eV	5	1	-0.57723500000000005
CoefLeg_35.65eV	5	2	0.0130206
CoefLeg_35.65eV	5	3	-1.2737499999999999
CoefLeg_35.65eV	5	4	0.056589300000000002
CoefLeg_35.65eV	5	5	-0.100705
CoefLeg_35.65eV	5	6	0.0065668000000000002
CoefLeg_35.65eV	5	7	-0.0023877600000000001
CoefLeg_35.65eV	5	8	0.00056360899999999996
CoefLeg_35.65eV	5	9	0.172734
CoefLeg_35.65eV	5	10	0.00522304
CoefLeg_35.65eV	6	0	6
CoefLeg_35.65eV	6	1	0.0915155
CoefLeg_35.65eV	6	2	0.014158799999999999
CoefLeg_35.65eV	6	3	0.25145800000000001
CoefLeg_35.65eV	6	4	0.061536
CoefLeg_35.65eV	6	5	-0.0067687299999999997
CoefLeg_35.65eV	6	6	0.0060326199999999998
CoefLeg_35.65eV	6	7	0.0019297400000000001
CoefLeg_35.65eV	6	8	0.00043324999999999999
CoefLeg_35.65eV	6	9	-0.105583
CoefLeg_35.65eV	6	10	0.00479817
CoefLeg_35.65eV	7	0	7
CoefLeg_35.65eV	7	1	0.050041599999999999
CoefLeg_35.65eV	7	2	0.015214699999999999
CoefLeg_35.65eV	7	3	0.096539700000000006
CoefLeg_35.65eV	7	4	0.0661249
CoefLeg_35.65eV	7	5	0.0086643399999999995
CoefLeg_35.65eV	7	6	0.0056108699999999996
CoefLeg_35.65eV	7	7	0.000130025
CoefLeg_35.65eV	7	8	0.00034687699999999999
CoefLeg_35.65eV	7	9	-0.000395709
CoefLeg_35.65eV	7	10	0.0044627199999999999
CoefLeg_35.65eV	8	0	8
CoefLeg_35.65eV	8	1	0.027150500000000001
CoefLeg_35.65eV	8	2	0.016205199999999999
CoefLeg_35.65eV	8	3	-0.094136700000000004
CoefLeg_35.65eV	8	4	0.070429699999999998
CoefLeg_35.65eV	8	5	-0.0033326599999999999
CoefLeg_35.65eV	8	6	0.0052666199999999996
CoefLeg_35.65eV	8	7	0.000203797
CoefLeg_35.65eV	8	8	0.00028604200000000002
CoefLeg_35.65eV	8	9	0.0050365899999999996
CoefLeg_35.65eV	8	10	0.0041889099999999997
CoefLeg_37.2eV	0	0	0
CoefLeg_37.2eV	0	1	1.0000100000000001
CoefLeg_37.2eV	0	2	0.0040373199999999996
CoefLeg_37.2eV	0	3	0.78527599999999997
CoefLeg_37.2eV	0	4	0.019577600000000001
CoefLeg_37.2eV	0	5	0
CoefLeg_37.2eV	0	6	0
CoefLeg_37.2eV	0	7	0
CoefLeg_37.2eV	0	8	0
CoefLeg_37.2eV	0	9	0
CoefLeg_37.2eV	0	10	0
CoefLeg_37.2eV	1	0	1
CoefLeg_37.2eV	1	1	-0.62393299999999996
CoefLeg_37.2eV	1	2	0.0069928899999999999
CoefLeg_37.2eV	1	3	-0.77865799999999996
CoefLeg_37.2eV	1	4	0.033909599999999998
CoefLeg_37.2eV	1	5	0.11581
CoefLeg_37.2eV	1	6	0.0126702
CoefLeg_37.2eV	1	7	0
CoefLeg_37.2eV	1	8	0
CoefLeg_37.2eV	1	9	0.66700099999999996
CoefLeg_37.2eV	1	10	0.0105138
CoefLeg_37.2eV	2	0	2
CoefLeg_37.2eV	2	1	0.90079299999999995
CoefLeg_37.2eV	2	2	0.0090280599999999992
CoefLeg_37.2eV	2	3	1.57585
CoefLeg_37.2eV	2	4	0.043778499999999998
CoefLeg_37.2eV	2	5	0.22876199999999999
CoefLeg_37.2eV	2	6	0.0094436399999999997
CoefLeg_37.2eV	2	7	0.078474699999999994
CoefLeg_37.2eV	2	8	0.0027543799999999998
CoefLeg_37.2eV	2	9	0.042273499999999999
CoefLeg_37.2eV	2	10	0.0078364300000000001
CoefLeg_37.2eV	3	0	3
CoefLeg_37.2eV	3	1	-0.58882100000000004
CoefLeg_37.2eV	3	2	0.0106829
CoefLeg_37.2eV	3	3	-1.42486
CoefLeg_37.2eV	3	4	0.051803000000000002
CoefLeg_37.2eV	3	5	-0.18026200000000001
CoefLeg_37.2eV	3	6	0.0079008399999999993
CoefLeg_37.2eV	3	7	-0.014279
CoefLeg_37.2eV	3	8	0.0014574799999999999
CoefLeg_37.2eV	3	9	0.30542200000000003
CoefLeg_37.2eV	3	10	0.0065562099999999998
CoefLeg_37.2eV	4	0	4
CoefLeg_37.2eV	4	1	0.233682
CoefLeg_37.2eV	4	2	0.012114700000000001
CoefLeg_37.2eV	4	3	1.43408
CoefLeg_37.2eV	4	4	0.058746300000000001
CoefLeg_37.2eV	4	5	0.17343800000000001
CoefLeg_37.2eV	4	6	0.00693897
CoefLeg_37.2eV	4	7	0.018076499999999999
CoefLeg_37.2eV	4	8	0.00095414600000000001
CoefLeg_37.2eV	4	9	-0.12403400000000001
CoefLeg_37.2eV	4	10	0.0057580299999999999
CoefLeg_37.2eV	5	0	5
CoefLeg_37.2eV	5	1	-0.37848799999999999
CoefLeg_37.2eV	5	2	0.013395900000000001
CoefLeg_37.2eV	5	3	-1.0805400000000001
CoefLeg_37.2eV	5	4	0.064958799999999997
CoefLeg_37.2eV	5	5	-0.092713199999999996
CoefLeg_37.2eV	5	6	0.0062630100000000003
CoefLeg_37.2eV	5	7	-0.0033340700000000002
CoefLeg_37.2eV	5	8	0.00069056
CoefLeg_37.2eV	5	9	0.129108
CoefLeg_37.2eV	5	10	0.0051971099999999996
CoefLeg_37.2eV	6	0	6
CoefLeg_37.2eV	6	1	-0.00051974900000000001
CoefLeg_37.2eV	6	2	0.014566900000000001
CoefLeg_37.2eV	6	3	0.041079999999999998
CoefLeg_37.2eV	6	4	0.070637199999999997
CoefLeg_37.2eV	6	5	0.00512606
CoefLeg_37.2eV	6	6	0.0057535399999999997
CoefLeg_37.2eV	6	7	0.00049612300000000001
CoefLeg_37.2eV	6	8	0.00053083799999999995
CoefLeg_37.2eV	6	9	-0.057369499999999997
CoefLeg_37.2eV	6	10	0.0047743500000000001
CoefLeg_37.2eV	7	0	7
CoefLeg_37.2eV	7	1	0.045066099999999998
CoefLeg_37.2eV	7	2	0.015653199999999999
CoefLeg_37.2eV	7	3	0.069766499999999995
CoefLeg_37.2eV	7	4	0.075904700000000005
CoefLeg_37.2eV	7	5	0.0020505499999999999
CoefLeg_37.2eV	7	6	0.0053512899999999999
CoefLeg_37.2eV	7	7	0.00107598
CoefLeg_37.2eV	7	8	0.00042501000000000003
CoefLeg_37.2eV	7	9	-0.014104800000000001
CoefLeg_37.2eV	7	10	0.0044405599999999996
CoefLeg_37.2eV	8	0	8
CoefLeg_37.2eV	8	1	0.023224000000000002
CoefLeg_37.2eV	8	2	0.016672200000000002
CoefLeg_37.2eV	8	3	-0.033813099999999999
CoefLeg_37.2eV	8	4	0.080846199999999993
CoefLeg_37.2eV	8	5	0.0014694300000000001
CoefLeg_37.2eV	8	6	0.0050229699999999999
CoefLeg_37.2eV	8	7	-0.00041620699999999998
CoefLeg_37.2eV	8	8	0.000350472
CoefLeg_37.2eV	8	9	0.0096458499999999992
CoefLeg_37.2eV	8	10	0.00416812
CoefLeg_38.75eV	0	0	0
CoefLeg_38.75eV	0	1	1.0000100000000001
CoefLeg_38.75eV	0	2	0.0044485000000000002
CoefLeg_38.75eV	0	3	0.32599499999999998
CoefLeg_38.75eV	0	4	0.0243903
CoefLeg_38.75eV	0	5	0
CoefLeg_38.75eV	0	6	0
CoefLeg_38.75eV	0	7	0
CoefLeg_38.75eV	0	8	0
CoefLeg_38.75eV	0	9	-0
CoefLeg_38.75eV	0	10	-0
CoefLeg_38.75eV	1	0	1
CoefLeg_38.75eV	1	1	-0.75549999999999995
CoefLeg_38.75eV	1	2	0.0077050799999999996
CoefLeg_38.75eV	1	3	-0.411638
CoefLeg_38.75eV	1	4	0.042245499999999998
CoefLeg_38.75eV	1	5	0.092161199999999999
CoefLeg_38.75eV	1	6	0.012791800000000001
CoefLeg_38.75eV	1	7	0
CoefLeg_38.75eV	1	8	0
CoefLeg_38.75eV	1	9	0.75346900000000006
CoefLeg_38.75eV	1	10	-0.013594800000000001
CoefLeg_38.75eV	2	0	2
CoefLeg_38.75eV	2	1	1.07988
CoefLeg_38.75eV	2	2	0.0099475299999999996
CoefLeg_38.75eV	2	3	1.4191199999999999
CoefLeg_38.75eV	2	4	0.054540400000000003
CoefLeg_38.75eV	2	5	0.35095700000000002
CoefLeg_38.75eV	2	6	0.0095342799999999991
CoefLeg_38.75eV	2	7	0.092538700000000002
CoefLeg_38.75eV	2	8	0.00291596
CoefLeg_38.75eV	2	9	0.0010398499999999999
CoefLeg_38.75eV	2	10	-0.010132800000000001
CoefLeg_38.75eV	3	0	3
CoefLeg_38.75eV	3	1	-0.64593400000000001
CoefLeg_38.75eV	3	2	0.011770900000000001
CoefLeg_38.75eV	3	3	-1.3571200000000001
CoefLeg_38.75eV	3	4	0.064537499999999998
CoefLeg_38.75eV	3	5	-0.24398900000000001
CoefLeg_38.75eV	3	6	0.0079766799999999999
CoefLeg_38.75eV	3	7	-0.021576100000000001
CoefLeg_38.75eV	3	8	0.00154298
CoefLeg_38.75eV	3	9	0.42494700000000002
CoefLeg_38.75eV	3	10	-0.0084773999999999995
CoefLeg_38.75eV	4	0	4
CoefLeg_38.75eV	4	1	0.16849600000000001
CoefLeg_38.75eV	4	2	0.0133486
CoefLeg_38.75eV	4	3	1.4407799999999999
CoefLeg_38.75eV	4	4	0.073187600000000005
CoefLeg_38.75eV	4	5	0.22348799999999999
CoefLeg_38.75eV	4	6	0.00700557
CoefLeg_38.75eV	4	7	0.0231688
CoefLeg_38.75eV	4	8	0.00101012
CoefLeg_38.75eV	4	9	-0.20452600000000001
CoefLeg_38.75eV	4	10	-0.0074453399999999999
CoefLeg_38.75eV	5	0	5
CoefLeg_38.75eV	5	1	-0.28908299999999998
CoefLeg_38.75eV	5	2	0.014760199999999999
CoefLeg_38.75eV	5	3	-1.18476
CoefLeg_38.75eV	5	4	0.080927299999999994
CoefLeg_38.75eV	5	5	-0.119118
CoefLeg_38.75eV	5	6	0.0063231299999999997
CoefLeg_38.75eV	5	7	-0.0054598600000000004
CoefLeg_38.75eV	5	8	0.00073106899999999999
CoefLeg_38.75eV	5	9	0.20755599999999999
CoefLeg_38.75eV	5	10	-0.00672005
CoefLeg_38.75eV	6	0	6
CoefLeg_38.75eV	6	1	-0.13571900000000001
CoefLeg_38.75eV	6	2	0.016050499999999999
CoefLeg_38.75eV	6	3	0.15065700000000001
CoefLeg_38.75eV	6	4	0.088001599999999999
CoefLeg_38.75eV	6	5	-0.0051741199999999999
CoefLeg_38.75eV	6	6	0.0058087700000000004
CoefLeg_38.75eV	6	7	0.0021493100000000002
CoefLeg_38.75eV	6	8	0.00056197699999999996
CoefLeg_38.75eV	6	9	-0.079753400000000002
CoefLeg_38.75eV	6	10	-0.0061733999999999999
CoefLeg_38.75eV	7	0	7
CoefLeg_38.75eV	7	1	0.031537099999999998
CoefLeg_38.75eV	7	2	0.0172474
CoefLeg_38.75eV	7	3	0.084510000000000002
CoefLeg_38.75eV	7	4	0.094563999999999995
CoefLeg_38.75eV	7	5	0.00411933
CoefLeg_38.75eV	7	6	0.0054026600000000001
CoefLeg_38.75eV	7	7	0.000104435
CoefLeg_38.75eV	7	8	0.00044994099999999998
CoefLeg_38.75eV	7	9	-0.020526200000000001
CoefLeg_38.75eV	7	10	-0.0057418
CoefLeg_38.75eV	8	0	8
CoefLeg_38.75eV	8	1	0.025765699999999999
CoefLeg_38.75eV	8	2	0.0183702
CoefLeg_38.75eV	8	3	0.065576300000000004
CoefLeg_38.75eV	8	4	0.10072
CoefLeg_38.75eV	8	5	-0.00625269
CoefLeg_38.75eV	8	6	0.0050711899999999997
CoefLeg_38.75eV	8	7	-0.00012494599999999999
CoefLeg_38.75eV	8	8	0.00037103100000000002
CoefLeg_38.75eV	8	9	-0.00118128
CoefLeg_38.75eV	8	10	-0.0053895200000000001
CoefLeg_48.4eV	0	0	0
CoefLeg_48.4eV	0	1	1
CoefLeg_48.4eV	0	2	0.0051288999999999996
CoefLeg_48.4eV	0	3	0.26213999999999998
CoefLeg_48.4eV	0	4	0.026110000000000001
CoefLeg_48.4eV	0	5	0
CoefLeg_48.4eV	0	6	0
CoefLeg_48.4eV	0	7	0
CoefLeg_48.4eV	0	8	0
CoefLeg_48.4eV	0	9	0
CoefLeg_48.4eV	0	10	0
CoefLeg_48.4eV	1	0	1
CoefLeg_48.4eV	1	1	-1.0670999999999999
CoefLeg_48.4eV	1	2	0.0088848
CoefLeg_48.4eV	1	3	-0.18931999999999999
CoefLeg_48.4eV	1	4	0.045231
CoefLeg_48.4eV	1	5	-0.17305999999999999
CoefLeg_48.4eV	1	6	0.015165
CoefLeg_48.4eV	1	7	0
CoefLeg_48.4eV	1	8	0
CoefLeg_48.4eV	1	9	0.72584000000000004
CoefLeg_48.4eV	1	10	0.012108000000000001
CoefLeg_48.4eV	2	0	2
CoefLeg_48.4eV	2	1	1.0246
CoefLeg_48.4eV	2	2	0.011476999999999999
CoefLeg_48.4eV	2	3	1.3741000000000001
CoefLeg_48.4eV	2	4	0.058425999999999999
CoefLeg_48.4eV	2	5	0.42276000000000002
CoefLeg_48.4eV	2	6	0.011301
CoefLeg_48.4eV	2	7	0.10238
CoefLeg_48.4eV	2	8	0.0028471
CoefLeg_48.4eV	2	9	-0.14285
CoefLeg_48.4eV	2	10	0.0090232000000000003
CoefLeg_48.4eV	3	0	3
CoefLeg_48.4eV	3	1	-0.42292999999999997
CoefLeg_48.4eV	3	2	0.013594
CoefLeg_48.4eV	3	3	-1.5004999999999999
CoefLeg_48.4eV	3	4	0.069205000000000003
CoefLeg_48.4eV	3	5	-0.37558999999999998
CoefLeg_48.4eV	3	6	0.0094500000000000001
CoefLeg_48.4eV	3	7	-0.03977
CoefLeg_48.4eV	3	8	0.0015066000000000001
CoefLeg_48.4eV	3	9	0.39052999999999999
CoefLeg_48.4eV	3	10	0.0075452000000000002
CoefLeg_48.4eV	4	0	4
CoefLeg_48.4eV	4	1	-0.10075000000000001
CoefLeg_48.4eV	4	2	0.015448
CoefLeg_48.4eV	4	3	1.4339999999999999
CoefLeg_48.4eV	4	4	0.078644000000000006
CoefLeg_48.4eV	4	5	0.24417
CoefLeg_48.4eV	4	6	0.0082923000000000007
CoefLeg_48.4eV	4	7	0.028554
CoefLeg_48.4eV	4	8	0.00098628999999999991
CoefLeg_48.4eV	4	9	-0.24822
CoefLeg_48.4eV	4	10	0.0066208999999999999
CoefLeg_48.4eV	5	0	5
CoefLeg_48.4eV	5	1	0.17896999999999999
CoefLeg_48.4eV	5	2	0.017128999999999998
CoefLeg_48.4eV	5	3	-1.0307999999999999
CoefLeg_48.4eV	5	4	0.087198999999999999
CoefLeg_48.4eV	5	5	-0.12934000000000001
CoefLeg_48.4eV	5	6	0.0074742000000000003
CoefLeg_48.4eV	5	7	-0.011174999999999999
CoefLeg_48.4eV	5	8	0.00071381000000000005
CoefLeg_48.4eV	5	9	0.17585999999999999
CoefLeg_48.4eV	5	10	0.0059677000000000003
CoefLeg_48.4eV	6	0	6
CoefLeg_48.4eV	6	1	-0.23130000000000001
CoefLeg_48.4eV	6	2	0.018710000000000001
CoefLeg_48.4eV	6	3	-0.19753000000000001
CoefLeg_48.4eV	6	4	0.095249
CoefLeg_48.4eV	6	5	-0.012045
CoefLeg_48.4eV	6	6	0.0068533999999999999
CoefLeg_48.4eV	6	7	0.0027062000000000002
CoefLeg_48.4eV	6	8	0.00054869000000000001
CoefLeg_48.4eV	6	9	-0.042935000000000001
CoefLeg_48.4eV	6	10	0.0054720000000000003
CoefLeg_48.4eV	7	0	7
CoefLeg_48.4eV	7	1	-0.0081910999999999998
CoefLeg_48.4eV	7	2	0.020205999999999998
CoefLeg_48.4eV	7	3	0.34994999999999998
CoefLeg_48.4eV	7	4	0.10287
CoefLeg_48.4eV	7	5	0.040312000000000001
CoefLeg_48.4eV	7	6	0.0063581999999999996
CoefLeg_48.4eV	7	7	0.001616
CoefLeg_48.4eV	7	8	0.00043923999999999998
CoefLeg_48.4eV	7	9	-0.030356999999999999
CoefLeg_48.4eV	7	10	0.0050765999999999997
CoefLeg_48.4eV	8	0	8
CoefLeg_48.4eV	8	1	0.060350000000000001
CoefLeg_48.4eV	8	2	0.021680000000000001
CoefLeg_48.4eV	8	3	-0.089510000000000006
CoefLeg_48.4eV	8	4	0.11037
CoefLeg_48.4eV	8	5	-0.0048862000000000003
CoefLeg_48.4eV	8	6	0.0059511
CoefLeg_48.4eV	8	7	-0.00116
CoefLeg_48.4eV	8	8	0.00036212000000000001
CoefLeg_48.4eV	8	9	-0.0034240999999999998
CoefLeg_48.4eV	8	10	0.0047515999999999999
