,,,,,,,,,,,,,,,,,,,,,,,,
Source block A,,,,,,,,,,,,,,,,,,,,,,,,
,,,,,,,,,,,,,,,,,,,,,,,,
,,,,,,,,,,,,,,,,,,,,,,,,
,,,,,,,,,,,,,,,,,,,,,,,,
,,,,,,,,,,,,,,,,,,,,,,,,
,,,,,,,,,,,,,,,,,,,,,,,,
,,,,,,,,,,,,,,,,,,,,,,,,
,,,,,,,,,,,,,,,,,,,,,,,,
,,,,,,,,,,,,,,,,,,,,,,,,
,,,,,,,,,,,,,,,,,,,,,,,,
,,,,,,,,,,,,,,,,,,,,,,,,
,,,,,,,,,,,,,,,,,,,,,,,,
,,,,,,,,,,,,,,,,,,,,,,,,
,,,,,,,,,,,,,,,,,,,,,,,,
,,,,,,,,,,,,,,,,,,,,,,,,
,,,,,,,,,,,,,,,,,,,,,,,,
,,,,,,,,,,,,,,,,,,,,,,,,
,,,,,,,,,,,,,,,,,,,,,,,,
,,,,,,,,,,,,,,,,,,,,,,,,
,,,,,,,,,,,,,,,,,,,,,,,,
,,,,,,,,,,,,,,,,,,,,,,,,
,,,,,,,,,,,,,,,,,,,,,,,,
,,,,,,,,,,,,,,,,,,,,,,,,
,,,,,,,,,,,,,,,,,,,,,,,,
,,,,,,,,,,,,,,,,,,,,,,,,
,,,,,,,,,,,,,,,,,,,,,,,,
Source block B,,,,,,,,,,,,,,,,,,,,,,,,
,,,,,,,,,,,,,,,,,,,,,,,,
,,,,,,,,,,,,,,,,,,,,,,,,
,,,,,,,,,,,,,,,,,,,,,,,,
,,,,,,,,,,,,,,,,,,,,,,,,
,,,,,,,,,,,,,,,,,,,,,,,,
,,,,,,,,,,,,,,,,,,,,,,,,
,,,,,,,,,,,,,,,,,,,,,,,,
,,,,,,,,,,,,,,,,,,,,,,,,
,,,,,,,,,,,,,,,,,,,,,,,,
,,,,,,,,,,,,,,,,,,,,,,,,
,,,,,,,,,,,,,,,,,,,,,,,,
,,,,,,,,,,,,,,,,,,,,,,,,
,,,,,,,,,,,,,,,,,,,,,,,,
,,,,,,,,,,,,,,,,,,,,,,,,
,,,,,,,,,,,,,,,,,,,,,,,,
,,,,,,,,,,,,,,,,,,,,,,,,
,,,,,,,,,,,,,,,,,,,,,,,,
,,,,,,,,,,,,,,,,,,,,,,,,
,,,,,,,,,,,,,,,,,,,,,,,,
,,,,,,,,,,,,,,,,,,,,,,,,
,,,,,,,,,,,,,,,,,,,,,,,,
,,,,,,,,,,,,,,,,,,,,,,,,
,,,,,,,,,,,,,,,,,,,,,,,,
,,,,,,,,,,,,,,,,,,,,,,,,
,,,,,,,,,,,,,,,,,,,,,,,,
,,,,,,,,,,,,,,,,,,,,,,,,
,,,,,,,,,,,,,,,,,,,,,,,,
Source block C,,,,,,,,,,,,,,,,,,,,,,,,
,,,,,,,,,,,,,,,,,,,,,,,,
Ca2+-evoked fusion levels,,,,,,,,,,,,,,,,,,,,,,,,
Included in Bilayer ,Total fusion (%),,,,,,,,,,,,,,,,,,,,,,,
,run1,run2,run3,run4,run5,Mean,S.D.,,,,,,,,,,,,,,,,,
None,90.9,86.5,90.69,88.87,87.17,88.83,1.78,,,,,,,,,,,,,,,,,
1:200 SensorBdoubleTMD,87.97,94.03,92.05,87.8,87.87,89.94,2.6,,,,,,,,,,,,,,,,,
1:200 SensorBsingleTMD,85.05,90.51,88.86,-,-,88.14,2.8,,,,,,,,,,,,,,,,,
,,,,,,,,,,,,,,,,,,,,,,,,
,,,,,,,,,,,,,,,,,,,,,,,,
Ca2+-evoked fusion kinetics,,,,,,,,,,,,,,,,,,,,,,,,
Included in bilayer,None,,,,,,,,,1:200 SensorBdoubleTMD,,,,,,,,,1:200 SensorBsingleTMD,,,,,
,Fusion frequency %,,,,,,,,,Fusion frequency%,,,,,,,,,Fusion frequency%,,,,,
,bins (s),run1,run2,run3,run4,run5,Mean,S.D.,,bins (s),run1,run2,run3,run4,run5,Mean,S.D.,,bins (s),run1,run2,run3,Mean,S.D.
,0.147,47.73,47.92,44.19,45.45,53.85,47.83,3.71,,0.147,5.71,4.65,4.08,14.63,3.03,6.42,4.69,,0.147,4.52,2.44,5.82,4.26,1.71
,0.294,15.91,18.75,16.28,18.18,12.82,16.39,2.33,,0.294,0,4.65,0,4.88,0,1.91,2.61,,0.294,1.91,1.91,2.04,1.95,0.08
,0.441,15.91,6.25,2.33,6.06,7.69,7.65,5.03,,0.441,0,11.63,6.12,4.88,0,4.53,4.85,,0.441,4.53,3.75,2.66,3.65,0.94
,0.588,2.27,0,6.98,0,5.13,2.88,3.11,,0.588,0,6.98,8.16,4.88,0,4,3.84,,0.588,3,3.16,10.31,5.49,4.17
,0.735,4.55,8.33,4.65,0,0,3.51,3.55,,0.735,2.86,4.65,6.12,7.32,3.03,4.8,1.94,,0.735,2.8,3.06,1.58,2.48,0.79
,0.882,0,4.17,2.33,6.06,2.56,3.02,2.26,,0.882,8.57,2.33,8.16,12.2,6.06,7.46,3.62,,0.882,7.46,8.5,9.54,8.5,1.04
,1.029,0,0,0,6.06,0,1.21,2.71,,1.029,8.57,0,4.08,2.44,0,3.02,3.55,,1.029,3.02,5.73,5.28,4.67,1.45
,1.176,2.27,0,0,3.03,0,1.06,1.48,,1.176,2.86,0,12.24,4.88,0,4,5.05,,1.176,1.98,8.59,5.32,5.3,3.3
,1.323,0,2.08,9.3,3.03,0,2.88,3.82,,1.323,2.86,2.33,4.08,2.44,12.12,4.76,4.17,,1.323,4.83,5.46,4.32,4.87,0.57
,1.47,0,0,0,0,0,0,0,,1.47,11.43,6.98,6.12,0,9.09,6.72,4.28,,1.47,3.46,3.47,3.53,3.49,0.04
,1.617,0,0,0,0,0,0,0,,1.617,8.57,4.65,2.04,2.44,6.06,4.75,2.69,,1.617,2.9,2.77,1.25,2.3,0.92
,1.764,0,0,0,0,2.56,0.51,1.15,,1.764,2.86,4.65,6.12,0,6.06,3.94,2.57,,1.764,2.54,2.45,1.43,2.14,0.62
,1.911,0,0,2.33,0,2.56,0.98,1.34,,1.911,5.71,9.3,4.08,2.44,9.09,6.13,3.03,,1.911,0.12,1.6,2.53,1.42,1.22
,2.058,0,0,2.33,0,0,0.47,1.04,,2.058,0,2.33,2.04,0,9.09,2.69,3.74,,2.058,2.17,2.66,0.23,1.69,1.29
,2.205,0,0,0,0,0,0,0,,2.205,2.86,2.33,0,2.44,3.03,2.13,1.23,,2.205,2.86,0,0,0.95,1.65
,2.352,0,0,0,0,0,0,0,,2.352,8.57,4.65,2.04,2.44,0,3.54,3.26,,2.352,3.62,5.6,1.13,3.45,2.24
,2.499,0,0,0,0,0,0,0,,2.499,0,6.98,4.08,0,0,2.21,3.2,,2.499,5.32,1.35,0,2.23,2.77
,2.646,0,0,0,0,0,0,0,,2.646,2.86,2.33,0,0,0,1.04,1.43,,2.646,4.06,2.75,1.6,2.8,1.23
,2.793,0,0,0,0,0,0,0,,2.793,2.86,2.33,4.08,2.44,0,2.34,1.48,,2.793,0.63,0,1.25,0.63,0.63
,2.94,2.27,0,0,0,0,0.45,1.02,,2.94,2.86,4.65,4.08,0,9.09,4.14,3.3,,2.94,3.48,1.15,3.64,2.76,1.4
,3.087,0,0,0,0,0,0,0,,3.087,2.86,0,2.04,2.44,0,1.47,1.37,,3.087,1.48,4.32,1.6,2.47,1.6
,3.234,0,0,0,0,0,0,0,,3.234,2.86,0,0,0,0,0.57,1.28,,3.234,0.52,2.35,0.19,1.02,1.16
,3.381,0,0,0,0,0,0,0,,3.381,2.86,2.33,0,0,3.03,1.64,1.52,,3.381,0.62,0,1.14,0.59,0.57
,3.528,0,0,0,0,0,0,0,,3.528,0,2.33,2.04,0,3.03,1.48,1.4,,3.528,2.13,0,0.86,1,1.07
,3.675,0,0,0,0,0,0,0,,3.675,0,0,2.04,2.44,0,0.9,1.23,,3.675,3.54,1.92,1.95,2.47,0.93
,3.822,0,0,0,0,0,0,0,,3.822,0,0,2.04,2.44,0,0.9,1.23,,3.822,2.21,0,2.13,1.45,1.25
,3.969,0,0,0,0,0,0,0,,3.969,0,0,0,0,0,0,0,,3.969,1.04,3.5,3.54,2.69,1.43
,4.116,0,0,0,0,0,0,0,,4.116,0,0,0,0,0,0,0,,4.116,2.34,2.46,2.21,2.34,0.12
,4.263,0,0,0,0,0,0,0,,4.263,0,0,0,0,0,0,0,,4.263,4.14,0,1.04,1.72,2.15
,4.41,0,0,0,0,0,0,0,,4.41,0,0,0,0,3.03,0.61,1.36,,4.41,0.55,3.2,2.34,2.03,1.35
,4.557,0,0,0,0,0,0,0,,4.557,0,0,2.04,0,0,0.41,0.91,,4.557,0.37,2.34,4.14,2.28,1.88
,4.704,0,0,0,0,0,0,0,,4.704,0,0,0,2.44,0,0.49,1.09,,4.704,0.44,0,0.78,0.41,0.39
,4.851,0,0,0,0,0,0,0,,4.851,0,0,0,0,0,0,0,,4.851,0,0.78,0.42,0.4,0.39
,4.998,0,0,0,0,0,0,0,,4.998,0,0,0,2.44,0,0.49,1.09,,4.998,0,0,0.02,0.01,0.01
,5.145,0,0,0,0,0,0,0,,5.145,0,0,0,0,0,0,0,,5.145,0,0,0,0,0
,5.292,0,0,0,0,0,0,0,,5.292,0,0,0,0,3.03,0.61,1.36,,5.292,0,1.24,0.66,0.63,0.62
,5.439,0,0,0,0,0,0,0,,5.439,0,0,0,2.44,0,0.49,1.09,,5.439,0.44,1.48,0.6,0.84,0.56
,5.586,0,0,0,0,0,0,0,,5.586,0,0,0,0,0,0,0,,5.586,0,0,0.57,0.19,0.33
,5.733,0,0,0,0,0,0,0,,5.733,0,0,0,0,0,0,0,,5.733,0,0.52,1.22,0.58,0.61
,5.88,0,0,0,0,0,0,0,,5.88,0,0,0,0,0,0,0,,5.88,0,0,0,0,0
